authority_evidence_url,authority_name,authority_type,authority_verification_status,content_hash,document_title,jurisdiction,learning_area_or_subject,licence,locator,publication_owner,retrieval_date,school_phase,source_id,status,subject_ref,url,version_or_effective_year
https://www.qcaa.qld.edu.au/about/governance/legislation,QCAA,statutory curriculum authority,verified,sha256:2dd0e79f8a95dc809ba6c172119d47369f99053e7811e36e69b92299f06f26d7,Accounting General senior syllabus,Queensland,Accounting,CC BY 4.0 (https://creativecommons.org/licenses/by/4.0/),HTML: #content; Syllabus; Resources > Sample assessment instruments; last updated 15 June 2026,Queensland Curriculum and Assessment Authority,2026-08-30,Years 11-12,SRC-0001,,QSUB-0003,https://www.qcaa.qld.edu.au/senior/senior-subjects/syllabuses/humanities-social-sciences/accounting,Accounting 2025 v1.4
https://www.qcaa.qld.edu.au/about/governance/legislation,QCAA,statutory curriculum authority,verified,sha256:58ddcb1263ad4d5f0a3a3cf4fe394440b9fbad5596a58cff8f7912fc2f14046d,Accounting 2025 v1.4 General senior syllabus,Queensland,Accounting,CC BY 4.0 (https://creativecommons.org/licenses/by/4.0/),"PDF: cover; pp. 3-4 (syllabus objectives and course structure); pp. 11, 15, 19, 23 (units); pp. 29, 33, 39, 44 (assessment)",Queensland Curriculum and Assessment Authority,2026-08-30,Years 11-12,SRC-0002,,QSUB-0003,https://www.qcaa.qld.edu.au/downloads/senior-qce/syllabuses/snr_accounting_25_syll.pdf,Accounting 2025 v1.4
https://www.qcaa.qld.edu.au/about/governance/legislation,QCAA,statutory curriculum authority,verified,sha256:62958a6e4a843543d1b0f14f9a24f994141b1ec88412e8dcad28679b642afe79,Agricultural Practices 2024 v1.2 Applied senior syllabus,Queensland,Agricultural Practices,Creative Commons Attribution 4.0 International (CC BY 4.0),PDF > full document (88 pages) > Firecrawl Markdown extraction,Queensland Curriculum and Assessment Authority,2026-08-31,Years 11-12,SRC-0003,,QSUB-0005,https://www.qcaa.qld.edu.au/downloads/senior-qce/syllabuses/snr_ag_24_app_syll.pdf,2024 v1.2
https://www.qcaa.qld.edu.au/about/governance/legislation,QCAA,statutory curriculum authority,verified,sha256:0d9c975aa397b72130f79c315e142625e3a8596f4a86e3be2c59ea14a0f668ce,Ancient History General senior syllabus,Queensland,Ancient History,CC BY 4.0,Full source: HTML syllabus section; last updated 14 July 2026,Queensland Curriculum and Assessment Authority,2026-08-31,Years 11-12,SRC-0004,,QSUB-0007,https://www.qcaa.qld.edu.au/senior/senior-subjects/syllabuses/humanities-social-sciences/ancient-history,2025 v1.4
https://www.qcaa.qld.edu.au/about/governance/legislation,QCAA,statutory curriculum authority,verified,sha256:7060327a9d7085d84ce7c08010edebfe0990fbc79c545620b0cc214dc6fc4ee1,Ancient History 2025 v1.4 General senior syllabus,Queensland,Ancient History,CC BY 4.0,Full source: PDF pages 1-42; version history page 42,Queensland Curriculum and Assessment Authority,2026-08-31,Years 11-12,SRC-0005,,QSUB-0007,https://www.qcaa.qld.edu.au/downloads/senior-qce/syllabuses/snr_ancient_history_25_syll.pdf,2025 v1.4
https://www.qcaa.qld.edu.au/about,QCAA,statutory curriculum authority,verified,sha256:f55c318b225cdf71edf272112a2229806139ae33045c24b8d281a2ac134dfe08,Biology 2025 v1.3 General senior syllabus,Queensland,Biology,Creative Commons Attribution 4.0 International (CC BY 4.0),"Rendered HTML representation of the official 58-page syllabus PDF; extraction bounds by printed syllabus page: cover p.1; course overview and rationale pp.2-3; syllabus objectives p.4; designing a course of study p.5; reporting p.17; units pp.20-38 (Unit 1 p.20, Unit 2 p.25, Unit 3 p.29, Unit 4 p.34); assessment pp.39-51 (IA1 Data test p.39, IA2 Student experiment p.42, IA3 Research investigation p.46, external assessment: examination - combination response p.50); glossary and references p.52",Queensland Curriculum and Assessment Authority,2026-08-31,Years 11-12,SRC-0006,,QSUB-0010,https://www.qcaa.qld.edu.au/downloads/senior-qce/syllabuses/snr_biology_25_syll.pdf,2025 v1.3
https://www.qcaa.qld.edu.au/about,QCAA,statutory curriculum authority,verified,sha256:82d1415581faf41498e012c1032c4ee4f06bfed31674dba4b2d201375debef29,Business General senior syllabus 2025 v1.3,Queensland,Business,Creative Commons Attribution 4.0 International (CC BY 4.0),Retrieved text representation at docs/localisation/sources/qcaa/business/syllabus-text-representation.txt; derived from the official PDF URL after direct PDF retrieval returned Cloudflare 403,Queensland Curriculum and Assessment Authority,2026-08-31,Years 11-12,SRC-0007,,QSUB-0012,https://www.qcaa.qld.edu.au/downloads/senior-qce/syllabuses/snr_business_25_syll.pdf,2025
https://www.qcaa.qld.edu.au/about/governance/legislation,QCAA,statutory curriculum authority,verified,sha256:3c712a1cd8648f81dfd8177a04c3df1f1f1f26750d80cbe843769a84ec044a6a,English General senior syllabus 2025 (v1.3),Queensland,English,Creative Commons Attribution 4.0 International (CC BY 4.0),"Full PDF; page 1 cover (subject, version 2025 v1.3); page 2 objectives and unit structure",Queensland Curriculum and Assessment Authority,2026-08-30,Years 11-12,SRC-0008,,QSUB-0030,https://www.qcaa.qld.edu.au/downloads/senior-qce/syllabuses/snr_english_25_syll.pdf,2025 v1.3 (implementation from 2026)
https://www.qcaa.qld.edu.au/about/governance/legislation,QCAA,statutory curriculum authority,verified,sha256:3c712a1cd8648f81dfd8177a04c3df1f1f1f26750d80cbe843769a84ec044a6a,English General senior syllabus 2025 v1.3 (live subject page),Queensland,English,Creative Commons Attribution 4.0 International (CC BY 4.0),"HTML landing page; Syllabus section lists English General 2025 v1.3; Resources sections for past papers, sample assessment instruments, subject reports",Queensland Curriculum and Assessment Authority,2026-08-30,Years 11-12,SRC-0009,,QSUB-0030,https://www.qcaa.qld.edu.au/senior/senior-subjects/syllabuses/english/english,2025 v1.3
https://www.qcaa.qld.edu.au/about/governance/legislation,QCAA,statutory curriculum authority,verified,sha256:31633b56a595331f9e86b82f30d4afe458f16e765998b7f963fffad76eb50703,Key senior subject changes: For external assessment in 2026,Queensland,English,Creative Commons Attribution 4.0 International (CC BY 4.0),Full PDF; English listed among subjects with external assessment in 2026,Queensland Curriculum and Assessment Authority,2026-08-30,Years 11-12,SRC-0010,,QSUB-0030,https://www.qcaa.qld.edu.au/downloads/senior-qce/common/snr_key_subj_changes_ea_26.pdf,2026
https://www.qcaa.qld.edu.au/about/what-we-do,QCAA,statutory curriculum authority,verified,sha256:3c79db5840a76cb849d4cbc9369711af9b8d091ecfef75a274bc7cdf6ead83aa,Agricultural Science 2025 v1.3 General senior syllabus,Queensland,Agricultural Science,Creative Commons Attribution 4.0 International (CC BY 4.0),"Rendered representation of the official QCAA Agricultural Science subject page; Syllabus section identifies Agricultural Science 2025 v1.3 (PDF, 942.6 KB) for implementation with students completing the course in 2026 or beyond. Curriculum extraction is located in the linked official 60-page syllabus PDF by printed page: cover p.1; course rationale pp.2-3; syllabus objectives p.4; designing a course of study p.6; reporting p.18; units pp.20-44 (Unit 1 Agricultural systems p.20, Unit 2 Resources p.26, Unit 3 Agricultural production p.32, Unit 4 Agricultural management p.41); assessment pp.45-57 (IA1 Data test p.45, IA2 Student experiment p.48, IA3 Research investigation p.52, external assessment: examination - combination response p.56); glossary and references p.58",Queensland Curriculum and Assessment Authority,2026-08-31,Years 11-12,SRC-0011,,QSUB-0006,https://www.qcaa.qld.edu.au/senior/senior-subjects/syllabuses/sciences/agricultural-science,2025 v1.3
https://www.qcaa.qld.edu.au/about/governance/legislation,QCAA,statutory curriculum authority,verified,sha256:b9cfa5023b9418ce9db5a528b432d732f1db58697a388a34948015b0ebbe2c67,Aquatic Practices Applied senior syllabus (live subject page),Queensland,Aquatic Practices,CC BY 4.0,"HTML: #content; Syllabus and Resources sections; current syllabus link to 2024 v1.2 (PDF, 599.9 KB); implementation from 2025 or beyond",Queensland Curriculum and Assessment Authority,2026-09-02,Years 11-12,SRC-0012,,QSUB-0008,https://www.qcaa.qld.edu.au/senior/senior-subjects/syllabuses/sciences/aquatic-practices,2024 v1.2
https://www.qcaa.qld.edu.au/about/governance/legislation,QCAA,statutory curriculum authority,verified,sha256:7e28ce8d99be1b3e4e9234afc3af6dc6b4f68c6270a93fae7aaae23c350b682a,Aquatic Practices 2024 v1.2 Applied senior syllabus,Queensland,Aquatic Practices,CC BY 4.0,PDF: full document (65 pages); objectives p.3; course structure pp.4-10; unit options pp.11-28; assessment pp.29-64; version history p.65,Queensland Curriculum and Assessment Authority,2026-09-02,Years 11-12,SRC-0013,,QSUB-0008,https://www.qcaa.qld.edu.au/downloads/senior-qce/syllabuses/snr_aquatic_24_app_syll.pdf,2024 v1.2
https://www.qcaa.qld.edu.au/about/governance/legislation,QCAA,statutory curriculum authority,verified,sha256:7f67099161fd0798a5d4174cef1ae77baf3688399d2737367d6838d7803fd51b,Aerospace Systems General senior syllabus (HTML page),Queensland,Technologies,CC BY 4.0 (https://creativecommons.org/licenses/by/4.0/),HTML page / syllabus navigation section,Queensland Curriculum and Assessment Authority,2026-09-02,Years 11-12,SRC-0014,current,QSUB-0004,https://www.qcaa.qld.edu.au/senior/senior-subjects/syllabuses/technologies/aerospace-systems,2025 v1.4
https://www.qcaa.qld.edu.au/about/governance/legislation,QCAA,statutory curriculum authority,verified,sha256:5bcdf3f7c9b17dd1c5e90c554837843065bd4e81be3f361d9b0537801595cff8,Aerospace Systems 2025 v1.4 General senior syllabus PDF,Queensland,Technologies,CC BY 4.0 (https://creativecommons.org/licenses/by/4.0/),"PDF, 54 pages",Queensland Curriculum and Assessment Authority,2026-09-02,Years 11-12,SRC-0015,current,QSUB-0004,https://www.qcaa.qld.edu.au/downloads/senior-qce/syllabuses/snr_aerospace_sys_25_syll.pdf,2025 v1.4
https://www.qcaa.qld.edu.au/about/governance/legislation,QCAA,statutory curriculum authority,verified,sha256:b1a131388b3753bcbcc4d280ef2b3ff54ea9cf8e1152814a0c69263ca60e896e,Amendment report: Aerospace Systems 2025 v1.4,Queensland,Technologies,CC BY 4.0 (https://creativecommons.org/licenses/by/4.0/),PDF (1 page),Queensland Curriculum and Assessment Authority,2026-09-02,Years 11-12,SRC-0016,current,QSUB-0004,https://www.qcaa.qld.edu.au/downloads/senior-qce/technologies/snr_aerospace_systems_25_amend_report_syll_v1_4.pdf,2025 v1.4
https://www.qcaa.qld.edu.au/about/governance/legislation,QCAA,statutory curriculum authority,verified,sha256:5d9bffe5af194f21096b410fd5d361d2e3e4ab1c2de2592110c472eb91567bbc,Key senior subject changes: For external assessment in 2026,Queensland,Technologies,CC BY 4.0 (https://creativecommons.org/licenses/by/4.0/),PDF (295.1 KB),Queensland Curriculum and Assessment Authority,2026-09-02,Years 11-12,SRC-0017,current,QSUB-0004,https://www.qcaa.qld.edu.au/downloads/senior-qce/common/snr_key_subj_changes_ea_26.pdf,2026
https://www.qcaa.qld.edu.au/about/governance/legislation,QCAA,statutory curriculum authority,verified,sha256:be719245102e38b8de6996262be25aade7901cfc4227cbd6a810ad56f7099603,Formula and data book: Aerospace Systems 2025,Queensland,Technologies,CC BY 4.0 (https://creativecommons.org/licenses/by/4.0/),PDF (447.7 KB),Queensland Curriculum and Assessment Authority,2026-09-02,Years 11-12,SRC-0018,current,QSUB-0004,https://www.qcaa.qld.edu.au/downloads/senior-qce/technologies/snr_aerospace_systems_25_formula_sheet.pdf,2025
https://www.qcaa.qld.edu.au/about/governance/legislation,QCAA,statutory curriculum authority,verified,sha256:3be95ac79dca39f6737a3d4d190aea344efe1b64ada94da454ece407c20a5a97,Sample assessment instrument: Aerospace solution (Unit 3 IA1),Queensland,Technologies,CC BY 4.0 (https://creativecommons.org/licenses/by/4.0/),PDF (232.3 KB),Queensland Curriculum and Assessment Authority,2026-09-02,Years 11-12,SRC-0019,current,QSUB-0004,https://www.qcaa.qld.edu.au/downloads/senior-qce/technologies/snr_aerospace_25_unit3_ia1_smple_ass_inst.pdf,2025
https://www.qcaa.qld.edu.au/about/governance/legislation,QCAA,statutory curriculum authority,verified,sha256:a845c7ae227e0a52ae78304c36f4bbea0389c52ad12f3f97308e9b8c5908d4e9,Sample assessment instrument: Examination — combination response (Unit 3 IA2),Queensland,Technologies,CC BY 4.0 (https://creativecommons.org/licenses/by/4.0/),PDF (2.5 MB),Queensland Curriculum and Assessment Authority,2026-09-02,Years 11-12,SRC-0020,current,QSUB-0004,https://www.qcaa.qld.edu.au/downloads/senior-qce/technologies/snr_aerospace_systems_25_unit3_ia2_smple_ass_inst.pdf,2025
https://www.qcaa.qld.edu.au/about/governance/legislation,QCAA,statutory curriculum authority,verified,sha256:f4fb2ee2a53030c5d78729fe36dccfc53b8f4b66235a176d4e7b38f8932d255a,Sample assessment instrument: Aerospace solution (Unit 4 IA3),Queensland,Technologies,CC BY 4.0 (https://creativecommons.org/licenses/by/4.0/),PDF (228.9 KB),Queensland Curriculum and Assessment Authority,2026-09-02,Years 11-12,SRC-0021,current,QSUB-0004,https://www.qcaa.qld.edu.au/downloads/senior-qce/technologies/snr_aerospace_systems_25_unit4_ia3_smple_ass_inst.pdf,2025
https://www.qcaa.qld.edu.au/about/governance/legislation,QCAA,statutory curriculum authority,verified,sha256:54fa650fe44cf4636814318176d17bff120841d8fe364545e3097a252d789551,Sample marking scheme: Examination — combination response (Unit 3 IA2),Queensland,Technologies,CC BY 4.0 (https://creativecommons.org/licenses/by/4.0/),PDF (406.3 KB),Queensland Curriculum and Assessment Authority,2026-09-02,Years 11-12,SRC-0022,current,QSUB-0004,https://www.qcaa.qld.edu.au/downloads/senior-qce/technologies/snr_aerospace_systems_25_unit3_ia2_smple_marking_scheme.pdf,2025 v1.2
https://www.qcaa.qld.edu.au/about/governance/legislation,QCAA,statutory curriculum authority,verified,sha256:a17c712158738d220346c74371f90aa933592e1815b59d2d38a42b9cc859e806,Quality assurance: Confirmation submission information,Queensland,Technologies,CC BY 4.0 (https://creativecommons.org/licenses/by/4.0/),PDF (904.6 KB),Queensland Curriculum and Assessment Authority,2026-09-02,Years 11-12,SRC-0023,current,QSUB-0004,https://www.qcaa.qld.edu.au/downloads/senior-qce/common/snr_qa_confirm_submission_info.pdf,2026
https://www.qcaa.qld.edu.au/about/governance/legislation,QCAA,statutory curriculum authority,verified,sha256:cdbf5c0c4dff721e1685fe8e23053e5bf3c1a080f2be2ef1557116e942d43a21,Subject report: Endorsement 2026,Queensland,Technologies,CC BY 4.0 (https://creativecommons.org/licenses/by/4.0/),PDF (180.5 KB),Queensland Curriculum and Assessment Authority,2026-09-02,Years 11-12,SRC-0024,current,QSUB-0004,https://www.qcaa.qld.edu.au/downloads/senior-qce/technologies/snr_aerospace_systems_26_subj_rpt_endorse.pdf,2026
https://www.qcaa.qld.edu.au/about/governance/legislation,QCAA,statutory curriculum authority,verified,sha256:3d2f92ea2a0f57bde8629e25db548ae568e8b52cabaf83514ae59fdf0fbcf0e8,Past paper 2025: Marking guide,Queensland,Technologies,CC BY 4.0 (https://creativecommons.org/licenses/by/4.0/),PDF (493.6 KB),Queensland Curriculum and Assessment Authority,2026-09-02,Years 11-12,SRC-0025,historical,QSUB-0004,https://www.qcaa.qld.edu.au/downloads/senior-qce/technologies/snr_aerospace_25_ea_mark_guide_pub.pdf,2025
https://www.qcaa.qld.edu.au/about/governance/legislation,QCAA,statutory curriculum authority,verified,sha256:d99e1c5fb6eb5a48ff8e59f780ba68b0a7a28c928d5c718d88922e6d2ae43082,Past paper 2025: Multiple choice question book,Queensland,Technologies,CC BY 4.0 (https://creativecommons.org/licenses/by/4.0/),PDF (181.5 KB),Queensland Curriculum and Assessment Authority,2026-09-02,Years 11-12,SRC-0026,historical,QSUB-0004,https://www.qcaa.qld.edu.au/downloads/senior-qce/technologies/snr_aerospace_25_ea_mc_question.pdf,2025
https://www.qcaa.qld.edu.au/about/governance/legislation,QCAA,statutory curriculum authority,verified,sha256:bc7ff95043df3a317e2f520409b0b99ab15f219d21c836ff32f37f74fa5bef89,Past paper 2025: Question and response book,Queensland,Technologies,CC BY 4.0 (https://creativecommons.org/licenses/by/4.0/),PDF (927.8 KB),Queensland Curriculum and Assessment Authority,2026-09-02,Years 11-12,SRC-0027,historical,QSUB-0004,https://www.qcaa.qld.edu.au/downloads/senior-qce/technologies/snr_aerospace_25_ea_question_response.pdf,2025
https://www.qcaa.qld.edu.au/about/governance/legislation,QCAA,statutory curriculum authority,verified,sha256:517e83616ab23aebe5e1806c0b6211fb6307b0aab1fc6669f70d3f9659d387d0,Past paper 2025: Stimulus book (A3),Queensland,Technologies,CC BY 4.0 (https://creativecommons.org/licenses/by/4.0/),PDF (2.7 MB),Queensland Curriculum and Assessment Authority,2026-09-02,Years 11-12,SRC-0028,historical,QSUB-0004,https://www.qcaa.qld.edu.au/downloads/senior-qce/technologies/snr_aerospace_25_ea_stimulus_a3.pdf,2025
https://www.qcaa.qld.edu.au/about/governance/legislation,QCAA,statutory curriculum authority,verified,sha256:8f45c78ae1a9d96d1ad0da8a9768982f01c9db77fe4d715acb0f9886f203d8c2,Career Education 2025 v1.3 Short Course senior syllabus,Queensland,Career Education,Creative Commons Attribution 4.0 International (CC BY 4.0),"Full PDF; cover page confirms subject, version 2025 v1.3 and January 2026; course structure (two QCAA-developed topics, 55 hours), five syllabus objectives, Topic 1 and Topic 2, two internal assessments, reporting standards A-E and version history",Queensland Curriculum and Assessment Authority,2026-09-02,Years 11-12,SRC-0029,,QSUB-0014,https://www.qcaa.qld.edu.au/downloads/senior-qce/syllabuses/snr_career_edu_short_course_25_syll.pdf,2025 v1.3 (implementation from 2025)
https://www.qcaa.qld.edu.au/about/governance/legislation,QCAA,statutory curriculum authority,verified,sha256:1abca72a8055c642628852bd48b89c178282b5b15bfa24a41d03587d98c6cbf4,Career Education Short Course syllabus (live subject page),Queensland,Career Education,Creative Commons Attribution 4.0 International (CC BY 4.0),"HTML landing page; page title 'Career Education Short Course syllabus'; Syllabus section lists 'Career Education 2025 v1.3 (PDF, 364.9 KB)'; Resources section states 'No resources available'; Last updated 15 June 2026",Queensland Curriculum and Assessment Authority,2026-09-02,Years 11-12,SRC-0030,,QSUB-0014,https://www.qcaa.qld.edu.au/senior/senior-subjects/syllabuses/humanities-social-sciences/career-education,2025 v1.3
https://www.qcaa.qld.edu.au/about/governance/legislation,QCAA,statutory curriculum authority,verified,sha256:8ee768eddc66ad6c9b5691dbaaa5f8bb1d5bebfd4c0bd2c8dfaa30f40435ca03,Chinese General senior syllabus 2025 (HTML page),Queensland,Languages,CC BY 4.0 (https://creativecommons.org/licenses/by/4.0/),HTML page / syllabus navigation section,Queensland Curriculum and Assessment Authority,2026-09-02,Years 11-12,SRC-0031,current,QSUB-0016,https://www.qcaa.qld.edu.au/senior/senior-subjects/syllabuses/languages/chinese,2025 v1.3
https://www.qcaa.qld.edu.au/about/governance/legislation,QCAA,statutory curriculum authority,verified,sha256:875be717b6e04640ed503fc7513c91917cb3343e0a64e52f23d92b8ea774febc,Chinese 2025 v1.3 General senior syllabus PDF,Queensland,Languages,CC BY 4.0 (https://creativecommons.org/licenses/by/4.0/),PDF (600.7 KB),Queensland Curriculum and Assessment Authority,2026-09-02,Years 11-12,SRC-0032,current,QSUB-0016,https://www.qcaa.qld.edu.au/downloads/senior-qce/syllabuses/snr_chinese_25_syll.pdf,2025 v1.3
https://www.qcaa.qld.edu.au/about/governance/legislation,QCAA,statutory curriculum authority,verified,sha256:eea70ad47388e074862904d07e7582b8387cd3e007e7186231903fe6c227d106,Language elements: Chinese (supporting document),Queensland,Languages,CC BY 4.0 (https://creativecommons.org/licenses/by/4.0/),PDF (502.5 KB),Queensland Curriculum and Assessment Authority,2026-09-02,Years 11-12,SRC-0033,current,QSUB-0016,https://www.qcaa.qld.edu.au/downloads/senior-qce/languages/snr_chinese_25_syll_lang_elms.pdf,2025 v1.3
https://www.qcaa.qld.edu.au/about/governance/legislation,QCAA,statutory curriculum authority,verified,sha256:77e05cb83e6246311d70dda267483bf9a12273ffa57dbfa7ff3cb35168b7d6df,Key senior subject changes: For external assessment in 2026,Queensland,Languages,CC BY 4.0 (https://creativecommons.org/licenses/by/4.0/),PDF (295.1 KB),Queensland Curriculum and Assessment Authority,2026-09-02,Years 11-12,SRC-0034,current,QSUB-0016,https://www.qcaa.qld.edu.au/downloads/senior-qce/common/snr_key_subj_changes_ea_26.pdf,2026
https://www.qcaa.qld.edu.au/about/governance/legislation,QCAA,statutory curriculum authority,verified,sha256:e73fa1cc4b26040b55c471b59443f124f479449872c4a75809ec28dfd3f607f3,Sample assessment instrument: Examination — short response Unit 3 IA1,Queensland,Languages,CC BY 4.0 (https://creativecommons.org/licenses/by/4.0/),PDF (471.4 KB),Queensland Curriculum and Assessment Authority,2026-09-02,Years 11-12,SRC-0035,current,QSUB-0016,https://www.qcaa.qld.edu.au/downloads/senior-qce/languages/snr_chinese_25_unit3_ia1_smple_ass_inst.pdf,2025
https://www.qcaa.qld.edu.au/about/governance/legislation,QCAA,statutory curriculum authority,verified,sha256:ad69e98d70327108d6a6c77cd46fc697050b168f5e586bc27c9af30f0e5e36d6,Sample assessment instrument: Examination — extended response Unit 3 IA2,Queensland,Languages,CC BY 4.0 (https://creativecommons.org/licenses/by/4.0/),PDF (505.9 KB),Queensland Curriculum and Assessment Authority,2026-09-02,Years 11-12,SRC-0036,current,QSUB-0016,https://www.qcaa.qld.edu.au/downloads/senior-qce/languages/snr_chinese_25_unit3_ia2_smple_ass_inst.pdf,2025
https://www.qcaa.qld.edu.au/about/governance/legislation,QCAA,statutory curriculum authority,verified,sha256:f467b118b35e146ce27e7ec7ab2ae84d5481a7e80c5d5bc89522133212f835fc,Sample assessment instrument: Multimodal presentation and interview Unit 4 IA3,Queensland,Languages,CC BY 4.0 (https://creativecommons.org/licenses/by/4.0/),PDF (590.1 KB),Queensland Curriculum and Assessment Authority,2026-09-02,Years 11-12,SRC-0037,current,QSUB-0016,https://www.qcaa.qld.edu.au/downloads/senior-qce/languages/snr_chinese_25_unit4_ia3_smple_ass_inst.pdf,2025
https://www.qcaa.qld.edu.au/about/governance/legislation,QCAA,statutory curriculum authority,verified,sha256:f75762215792d93465918d1e83295779a321ffd325c00367f9bbe5761c8858ec,Quality assurance: Confirmation submission information,Queensland,Languages,CC BY 4.0 (https://creativecommons.org/licenses/by/4.0/),PDF (904.6 KB),Queensland Curriculum and Assessment Authority,2026-09-02,Years 11-12,SRC-0038,current,QSUB-0016,https://www.qcaa.qld.edu.au/downloads/senior-qce/common/snr_qa_confirm_submission_info.pdf,2025
https://www.qcaa.qld.edu.au/about/governance/legislation,QCAA,statutory curriculum authority,verified,sha256:a93f16dc7ddc43b06a523da6947147abddb431b38b550ebdfe800aeb0053283a,Subject report: Endorsement 2026,Queensland,Languages,CC BY 4.0 (https://creativecommons.org/licenses/by/4.0/),PDF (179.9 KB),Queensland Curriculum and Assessment Authority,2026-09-02,Years 11-12,SRC-0039,current,QSUB-0016,https://www.qcaa.qld.edu.au/downloads/senior-qce/languages/snr_chinese_26_subj_rpt_endorse.pdf,2026
https://www.qcaa.qld.edu.au/about/governance/legislation,QCAA,statutory curriculum authority,verified,sha256:17b586ad1a1aa328a43fe2d8d0cc7cafe11db2d6309d0203d58c42f731a42c85,Past paper: Marking guide 2025,Queensland,Languages,CC BY 4.0 (https://creativecommons.org/licenses/by/4.0/),PDF (403.2 KB),Queensland Curriculum and Assessment Authority,2026-09-02,Years 11-12,SRC-0040,historical,QSUB-0016,https://www.qcaa.qld.edu.au/downloads/senior-qce/languages/snr_chinese_25_ea_mark_guide_pub.pdf,2025
https://www.qcaa.qld.edu.au/about/governance/legislation,QCAA,statutory curriculum authority,verified,sha256:b103ad1a21494f40c0f4e5633e49f0195a2c6fbd094ca9fc0556956787733f06,Past paper: Question and response book 2025,Queensland,Languages,CC BY 4.0 (https://creativecommons.org/licenses/by/4.0/),PDF (714.2 KB),Queensland Curriculum and Assessment Authority,2026-09-02,Years 11-12,SRC-0041,historical,QSUB-0016,https://www.qcaa.qld.edu.au/downloads/senior-qce/languages/snr_chinese_25_ea_question_response.pdf,2025
https://www.qcaa.qld.edu.au/about/governance/legislation,QCAA,statutory curriculum authority,verified,sha256:6f074bd0b6b16319ecd66d3c8012212957b84cd6a015bc0d02087eab1e2923cc,Past paper: Stimulus book 2025,Queensland,Languages,CC BY 4.0 (https://creativecommons.org/licenses/by/4.0/),PDF (362.4 KB),Queensland Curriculum and Assessment Authority,2026-09-02,Years 11-12,SRC-0042,historical,QSUB-0016,https://www.qcaa.qld.edu.au/downloads/senior-qce/languages/snr_chinese_25_ea_stimulus.pdf,2025
https://www.qcaa.qld.edu.au/about/governance/legislation,QCAA,statutory curriculum authority,verified,sha256:4a4bfa890423798424098fe8428ac291913bb375a1e537adc49b65a5eb0eaea9,Building & Construction Skills 2024 v1.2 Applied senior syllabus,Queensland,Technologies,Creative Commons Attribution 4.0 International (CC BY 4.0),Rendered text representation extracted from the official syllabus PDF URL (direct retrieval blocked by Cloudflare),Queensland Curriculum and Assessment Authority,2026-09-02,Years 11-12,SRC-0043,,QSUB-0011,https://www.qcaa.qld.edu.au/downloads/senior-qce/syllabuses/snr_construction_24_app_syll.pdf,2024 v1.2
https://www.qcaa.qld.edu.au/about/governance/legislation,QCAA,statutory curriculum authority,verified,sha256:e36429dabe4fef5e2b352d688a43bf2e0954c3260753cb90029f182c6d3b4d37,Food & Nutrition — subject landing page,Queensland,Technologies — Food & Nutrition,CC BY 4.0 (https://creativecommons.org/licenses/by/4.0/),HTML: #content; Syllabus; Resources,Queensland Curriculum and Assessment Authority,2026-08-30,Years 11-12,SRC-0044,,QSUB-0037,https://www.qcaa.qld.edu.au/senior/senior-subjects/syllabuses/technologies/food-nutrition,2025 v1.3 (last updated 15 June 2026)
https://www.qcaa.qld.edu.au/about/governance/legislation,QCAA,statutory curriculum authority,verified,sha256:7aeda7d5c5d798947997c35b5d6630e6cf2a589dbf26cb3dd3abec141262ac64,Food & Nutrition 2025 v1.3 — General senior syllabus (PDF),Queensland,Technologies — Food & Nutrition,CC BY 4.0 (https://creativecommons.org/licenses/by/4.0/),"PDF: cover; pp. 5 (course structure); pp. 7 (complementary skills, Aboriginal/Torres Strait perspectives); pp. 10 (problem-solving process); pp. 11 (reporting standards); pp. 13-14 (food system diagram, objectives); pp. 17-19 (Unit 1 objectives); pp. 22-23 (Unit 3 Topic content)",Queensland Curriculum and Assessment Authority,2026-08-30,Years 11-12,SRC-0045,,QSUB-0037,https://www.qcaa.qld.edu.au/downloads/senior-qce/syllabuses/snr_food_25_syll.pdf,2025 v1.3 (January 2026 implementation)
https://www.qcaa.qld.edu.au/about/governance/legislation,QCAA,statutory curriculum authority,verified,sha256:e921042047921cfaefda89093e75e8de669f1e0344a9a989acd1a0318da0b1f8,Business Studies Applied senior syllabus (HTML page),Queensland,Humanities and Social Sciences,CC BY 4.0 (https://creativecommons.org/licenses/by/4.0/),HTML page / Syllabus section; 'Business Studies Applied senior syllabus 2024' download block; last modified 15 June 2026,Queensland Curriculum and Assessment Authority,2026-09-02,Years 11-12,SRC-0046,,QSUB-0013,https://www.qcaa.qld.edu.au/senior/senior-subjects/syllabuses/humanities-social-sciences/business-studies,2024 v1.2
https://www.qcaa.qld.edu.au/about/governance/legislation,QCAA,statutory curriculum authority,verified,sha256:7519022036172437ca2c3a43f9233af81f7c38ad072d3b56a3d93be96901980a,Business Studies 2024 v1.2 Applied senior syllabus PDF,Queensland,Humanities and Social Sciences,CC BY 4.0 (https://creativecommons.org/licenses/by/4.0/),"PDF, 55 pages; cover; pp. 2-8 (course overview, rationale, syllabus objectives, course structure, reporting); pp. 9-20 (unit options A-F); pp. 21-51 (assessment specifications)",Queensland Curriculum and Assessment Authority,2026-09-02,Years 11-12,SRC-0047,,QSUB-0013,https://www.qcaa.qld.edu.au/downloads/senior-qce/syllabuses/snr_business_24_app_syll.pdf,2024 v1.2
https://www.qcaa.qld.edu.au/about,QCAA,statutory curriculum authority,verified,sha256:a12fdd0e8fccae9382f9009dece3d3698a5a1e7d3d318fc2d44647d08102bce0,Chemistry General senior syllabus,Queensland,Chemistry,CC BY 4.0 (https://creativecommons.org/licenses/by/4.0/),"HTML: #content; Syllabus; Resources > Associated material, Sample assessment instruments, Sample marking schemes, Past papers (2020-2025); last updated 13 April 2026",Queensland Curriculum and Assessment Authority,2026-09-02,Years 11-12,SRC-0048,,QSUB-0015,https://www.qcaa.qld.edu.au/senior/senior-subjects/syllabuses/sciences/chemistry,Chemistry 2025 v1.3
https://www.qcaa.qld.edu.au/about,QCAA,statutory curriculum authority,verified,sha256:d1e44ffbbb0063730e305236504a9f3d7eae62ac46fffa24fed83491da9753cc,Chemistry 2025 v1.3 General senior syllabus,Queensland,Chemistry,CC BY 4.0 (https://creativecommons.org/licenses/by/4.0/),"PDF: cover; p. 4 (syllabus objectives); pp. 19, 26, 31, 38 (units); pp. 44, 47, 51, 55 (assessment); p. 59 (version history); 63 physical pages",Queensland Curriculum and Assessment Authority,2026-09-02,Years 11-12,SRC-0049,,QSUB-0015,https://www.qcaa.qld.edu.au/downloads/senior-qce/syllabuses/snr_chemistry_25_syll.pdf,Chemistry 2025 v1.3
https://www.qcaa.qld.edu.au/about/governance/legislation,QCAA,statutory curriculum authority,verified,sha256:e6276f35d6eeceed625fa06bedbeadba4bb6991c5e43fc38d697099b0b45df15,Aboriginal & Torres Strait Islander Studies General senior syllabus 2025 v1.3 (HTML page),Queensland,Humanities and Social Sciences,CC BY 4.0 (https://creativecommons.org/licenses/by/4.0/),HTML page / syllabus navigation section,Queensland Curriculum and Assessment Authority,2026-09-02,Years 11-12,SRC-0050,current,QSUB-0002,https://www.qcaa.qld.edu.au/senior/senior-subjects/syllabuses/humanities-social-sciences/aboriginal-torres-strait-islander-studies,2025 v1.3
https://www.qcaa.qld.edu.au/about/governance/legislation,QCAA,statutory curriculum authority,verified,sha256:0c1fd23694a99ff41fc4fad02037c882dabc33d9b73ccbc9153050a92d28013c,Aboriginal & Torres Strait Islander Studies 2025 v1.3 General senior syllabus PDF,Queensland,Humanities and Social Sciences,CC BY 4.0 (https://creativecommons.org/licenses/by/4.0/),PDF (778.4 KB),Queensland Curriculum and Assessment Authority,2026-09-02,Years 11-12,SRC-0051,current,QSUB-0002,https://www.qcaa.qld.edu.au/downloads/senior-qce/syllabuses/snr_atsi_studies_25_syll.pdf,2025 v1.3
https://www.qcaa.qld.edu.au/about/governance/legislation,QCAA,statutory curriculum authority,verified,sha256:5bde80a6a90867f87654568bcbaa74f3b8ad05521b0d3656886453a84024b433,Key senior subject changes: For external assessment in 2026,Queensland,Humanities and Social Sciences,CC BY 4.0 (https://creativecommons.org/licenses/by/4.0/),PDF (295.1 KB),Queensland Curriculum and Assessment Authority,2026-09-02,Years 11-12,SRC-0052,current,QSUB-0002,https://www.qcaa.qld.edu.au/downloads/senior-qce/common/snr_key_subj_changes_ea_26.pdf,2026
https://www.qcaa.qld.edu.au/about/governance/legislation,QCAA,statutory curriculum authority,verified,sha256:02dac8f18a29fee3de7325de7aa6f82fe1a657f9cc6e513feef45c63cfc7a50c,Factsheet: Aboriginal & Torres Strait Islander Studies General senior syllabus,Queensland,Humanities and Social Sciences,CC BY 4.0 (https://creativecommons.org/licenses/by/4.0/),PDF (141.7 KB),Queensland Curriculum and Assessment Authority,2026-09-02,Years 11-12,SRC-0053,current,QSUB-0002,https://www.qcaa.qld.edu.au/downloads/senior-qce/syllabuses/snr_atsi_studies_25_factsheet.pdf,2025 v1.3
https://www.qcaa.qld.edu.au/about/governance/legislation,QCAA,statutory curriculum authority,verified,sha256:98ddf10be1b08eb2726980fe22c425e39299e1c4978e41a0c027bcd2076bde7c,Sample assessment instrument: Examination short response Unit 3 IA1,Queensland,Humanities and Social Sciences,CC BY 4.0 (https://creativecommons.org/licenses/by/4.0/),PDF (446.1 KB),Queensland Curriculum and Assessment Authority,2026-09-02,Years 11-12,SRC-0054,current,QSUB-0002,https://www.qcaa.qld.edu.au/downloads/senior-qce/hass/snr_atsi_studies_25_ia1_smple_inst_exam.pdf,2025
https://www.qcaa.qld.edu.au/about/governance/legislation,QCAA,statutory curriculum authority,verified,sha256:f85ffe58c2ab727db29ccca2e451a8f07ed3fb12bacada63dfbc978dea0bf89c,Sample assessment instrument: Investigation Unit 3 IA2,Queensland,Humanities and Social Sciences,CC BY 4.0 (https://creativecommons.org/licenses/by/4.0/),PDF (222.2 KB),Queensland Curriculum and Assessment Authority,2026-09-02,Years 11-12,SRC-0055,current,QSUB-0002,https://www.qcaa.qld.edu.au/downloads/senior-qce/hass/snr_atsi_studies_25_ia2_smple_inst_ext_res.pdf,2025
https://www.qcaa.qld.edu.au/about/governance/legislation,QCAA,statutory curriculum authority,verified,sha256:3e07de41a54dd4edd98881032a074d4a186d8cdbc9411422943b6342f406f0d2,Sample assessment instrument: Investigation Unit 4 IA3,Queensland,Humanities and Social Sciences,CC BY 4.0 (https://creativecommons.org/licenses/by/4.0/),PDF (164.7 KB),Queensland Curriculum and Assessment Authority,2026-09-02,Years 11-12,SRC-0056,current,QSUB-0002,https://www.qcaa.qld.edu.au/downloads/senior-qce/hass/snr_atsi_studies_25_ia3_smple_inst_invest.pdf,2025
https://www.qcaa.qld.edu.au/about/governance/legislation,QCAA,statutory curriculum authority,verified,sha256:503882d2d3c9f56e41fbb0262e5745f2b88dcc2b21406ff9e03aca30b6574889,Quality assurance: Confirmation submission information,Queensland,Humanities and Social Sciences,CC BY 4.0 (https://creativecommons.org/licenses/by/4.0/),PDF (904.6 KB),Queensland Curriculum and Assessment Authority,2026-09-02,Years 11-12,SRC-0057,current,QSUB-0002,https://www.qcaa.qld.edu.au/downloads/senior-qce/common/snr_qa_confirm_submission_info.pdf,2025
https://www.qcaa.qld.edu.au/about/governance/legislation,QCAA,statutory curriculum authority,verified,sha256:b7ce69eda469202c3b1a9401e3041f22f502f4e627e367c1bc26c2aca89379d3,Subject report: Endorsement 2026,Queensland,Humanities and Social Sciences,CC BY 4.0 (https://creativecommons.org/licenses/by/4.0/),PDF (181.0 KB),Queensland Curriculum and Assessment Authority,2026-09-02,Years 11-12,SRC-0058,current,QSUB-0002,https://www.qcaa.qld.edu.au/downloads/senior-qce/hass/snr_atsi_studies_26_subj_rpt_endorse.pdf,2026
https://www.qcaa.qld.edu.au/about/governance/legislation,QCAA,statutory curriculum authority,verified,sha256:61a466e6fea5ef45a3ce8f6be4c0cf4c13e3247f2fd5dacd3e18d76c0c596334,Past paper: Marking guide 2025,Queensland,Humanities and Social Sciences,CC BY 4.0 (https://creativecommons.org/licenses/by/4.0/),PDF (299.3 KB),Queensland Curriculum and Assessment Authority,2026-09-02,Years 11-12,SRC-0059,historical,QSUB-0002,https://www.qcaa.qld.edu.au/downloads/senior-qce/hass/snr_atsi_studies_25_ea_mark_guide_pub.pdf,2025
https://www.qcaa.qld.edu.au/about/governance/legislation,QCAA,statutory curriculum authority,verified,sha256:61d4b776d8c38ee894912000da6abdcb3253ac152c827cd378bd1f853765227d,Past paper: Question and response book 2025,Queensland,Humanities and Social Sciences,CC BY 4.0 (https://creativecommons.org/licenses/by/4.0/),PDF (645.1 KB),Queensland Curriculum and Assessment Authority,2026-09-02,Years 11-12,SRC-0060,historical,QSUB-0002,https://www.qcaa.qld.edu.au/downloads/senior-qce/hass/snr_atsi_studies_25_ea_question_response.pdf,2025
https://www.qcaa.qld.edu.au/about/governance/legislation,QCAA,statutory curriculum authority,verified,sha256:6eae29baae3f77a1ee2b1f569d313580d8b435bfa7e11a5bfb5a0a45a545e328,Past paper: Stimulus book 2025,Queensland,Humanities and Social Sciences,CC BY 4.0 (https://creativecommons.org/licenses/by/4.0/),PDF (565.3 KB),Queensland Curriculum and Assessment Authority,2026-09-02,Years 11-12,SRC-0061,historical,QSUB-0002,https://www.qcaa.qld.edu.au/downloads/senior-qce/hass/snr_atsi_studies_25_ea_stimulus.pdf,2025
https://www.qcaa.qld.edu.au/about/governance/legislation,QCAA,statutory curriculum authority,verified,sha256:9e0d65f572c6a3cd5cca5fb455379a7e3e0d4a302412a54584273b4aabb255ed,Arts in Practice Applied senior syllabus,Queensland,The Arts,CC BY 4.0 (https://creativecommons.org/licenses/by/4.0/),HTML: #content; Syllabus section lists Arts in Practice Applied senior syllabus 2024 v1.2 for students completing the course in 2025 or beyond; Resources section lists two sample assessment instruments; last updated 13 September 2024,Queensland Curriculum and Assessment Authority,2026-09-02,Years 11-12,SRC-0062,,QSUB-0009,https://www.qcaa.qld.edu.au/senior/senior-subjects/syllabuses/the-arts/arts-in-practice,2024 v1.2
https://www.qcaa.qld.edu.au/about/governance/legislation,QCAA,statutory curriculum authority,verified,sha256:8d81c20a10bc3c2453767d04b2b8b13d338f89a4bea4a3d60f7b392c8740950e,Arts in Practice 2024 v1.2 Applied senior syllabus,Queensland,The Arts,CC BY 4.0 (https://creativecommons.org/licenses/by/4.0/),"PDF (588.7 KB): cover and p. 2 (syllabus identity, licence, copyright); p. 3 (syllabus objectives); pp. 4-13 (course structure, assessment, reporting); pp. 14-25 (unit options A-D); pp. 26-47 (assessment specifications and instrument-specific standards); p. 48 (glossary, references, version history)",Queensland Curriculum and Assessment Authority,2026-09-02,Years 11-12,SRC-0063,,QSUB-0009,https://www.qcaa.qld.edu.au/downloads/senior-qce/syllabuses/snr_arts_prac_24_app_syll.pdf,2024 v1.2
https://www.qcaa.qld.edu.au/about/governance/legislation,QCAA,statutory curriculum authority,verified,sha256:922b9f3d22a8f9d2382e187981f0571cce6501bd52d7e0106623b61bf212d3ba,Sample assessment instrument: Project (Unit 3),Queensland,The Arts,CC BY 4.0 (https://creativecommons.org/licenses/by/4.0/),PDF (103.5 KB): current assessment-support resource listed in the Resources section of the current Arts in Practice page; Project instrument for Unit 3,Queensland Curriculum and Assessment Authority,2026-09-02,Years 11-12,SRC-0064,,QSUB-0009,https://www.qcaa.qld.edu.au/downloads/senior-qce/arts/snr_arts_prac_19_app_smple_ass_inst_project.pdf,2019 v1.0
https://www.qcaa.qld.edu.au/about/governance/legislation,QCAA,statutory curriculum authority,verified,sha256:2d191cbe474209bd27642ace98bcb72ae3c11b9857efc90dde85d432c3bbe32b,Sample assessment instrument: Product (Artwork) — Innovation (Unit 4),Queensland,The Arts,CC BY 4.0 (https://creativecommons.org/licenses/by/4.0/),PDF (229.5 KB): current assessment-support resource listed in the Resources section of the current Arts in Practice page; Product instrument for Unit 4,Queensland Curriculum and Assessment Authority,2026-09-02,Years 11-12,SRC-0065,,QSUB-0009,https://www.qcaa.qld.edu.au/downloads/senior-qce/arts/snr_arts_prac_19_app_smple_ass_inst_product.pdf,2019 v1.0
https://www.qcaa.qld.edu.au/about/governance/legislation,QCAA,statutory curriculum authority,verified,sha256:64cb8b871745b862decd6916ad3148ad3f65c233c94f3de7956cb7156d7eb8ab,Digital Solutions General senior syllabus (HTML page),Queensland,Digital Solutions,CC BY 4.0 (https://creativecommons.org/licenses/by/4.0/),Full source: HTML syllabus section; Associated material; Resources > Sample assessment instruments; last updated 15 June 2026,Queensland Curriculum and Assessment Authority,2026-09-02,Years 11-12,SRC-0066,current,QSUB-0022,https://www.qcaa.qld.edu.au/senior/senior-subjects/syllabuses/technologies/digital-solutions,2025 v1.4
https://www.qcaa.qld.edu.au/about/governance/legislation,QCAA,statutory curriculum authority,verified,sha256:9b84651cdd0249b3e949b71565f62575df438ea21ba6d12266fdd370ef361f27,Digital Solutions 2025 v1.4 General senior syllabus (PDF),Queensland,Digital Solutions,CC BY 4.0 (https://creativecommons.org/licenses/by/4.0/),"Full source: PDF pages 1-49; objectives pp. 3-4; units pp. 15, 20, 24, 29; assessment pp. 34, 39, 43, 47; version history p. 49",Queensland Curriculum and Assessment Authority,2026-09-02,Years 11-12,SRC-0067,current,QSUB-0022,https://www.qcaa.qld.edu.au/downloads/senior-qce/syllabuses/snr_digital_solutions_25_syll.pdf,2025 v1.4
https://www.qcaa.qld.edu.au/about/governance/legislation,QCAA,statutory curriculum authority,verified,sha256:05a417cedade5773ad7f9c463e661f83928f5a1c0c8fcf1a9458477171a4fbfa,Earth & Environmental Science General senior syllabus 2025 v1.3 (HTML page),Queensland,Sciences,CC BY 4.0 (https://creativecommons.org/licenses/by/4.0/),HTML page / syllabus navigation section,Queensland Curriculum and Assessment Authority,2026-09-02,Years 11-12,SRC-0068,current,QSUB-0026,https://www.qcaa.qld.edu.au/senior/senior-subjects/syllabuses/sciences/earth-environmental-science,2025 v1.3
https://www.qcaa.qld.edu.au/about/governance/legislation,QCAA,statutory curriculum authority,verified,sha256:9a51920f58bc184385ee91ee1d26858f6f96db2f01de858080afe172c5497dd8,Earth & Environmental Science 2025 v1.3 General senior syllabus PDF,Queensland,Sciences,CC BY 4.0 (https://creativecommons.org/licenses/by/4.0/),"PDF (938.7 KB), 65 pages",Queensland Curriculum and Assessment Authority,2026-09-02,Years 11-12,SRC-0069,current,QSUB-0026,https://www.qcaa.qld.edu.au/downloads/senior-qce/syllabuses/snr_earth_science_25_syll.pdf,2025 v1.3
https://www.qcaa.qld.edu.au/about/governance/legislation,QCAA,statutory curriculum authority,verified,sha256:5d9bffe5af194f21096b410fd5d361d2e3e4ab1c2de2592110c472eb91567bbc,Key senior subject changes: For external assessment in 2026,Queensland,Sciences,CC BY 4.0 (https://creativecommons.org/licenses/by/4.0/),PDF (295.1 KB),Queensland Curriculum and Assessment Authority,2026-09-02,Years 11-12,SRC-0070,current,QSUB-0026,https://www.qcaa.qld.edu.au/downloads/senior-qce/common/snr_key_subj_changes_ea_26.pdf,2026
https://www.qcaa.qld.edu.au/about/governance/legislation,QCAA,statutory curriculum authority,verified,sha256:43ba78bce660e3d08939541c401b09db35fb8f988bf67f5402faf089c0391704,Sample assessment instrument: Data test (Unit 3 IA1) 2025,Queensland,Sciences,CC BY 4.0 (https://creativecommons.org/licenses/by/4.0/),PDF (645.7 KB),Queensland Curriculum and Assessment Authority,2026-09-02,Years 11-12,SRC-0071,current,QSUB-0026,https://www.qcaa.qld.edu.au/downloads/senior-qce/sciences/snr_earth_science_25_unit3_ia1_smple_ass_inst.pdf,2025
https://www.qcaa.qld.edu.au/about/governance/legislation,QCAA,statutory curriculum authority,verified,sha256:c12d6908ef91589bc4940280de4266aabdde4217759fda2a5c8e94815faba99c,Sample assessment instrument: Student experiment (Unit 3 IA2) 2025,Queensland,Sciences,CC BY 4.0 (https://creativecommons.org/licenses/by/4.0/),PDF (150.4 KB),Queensland Curriculum and Assessment Authority,2026-09-02,Years 11-12,SRC-0072,current,QSUB-0026,https://www.qcaa.qld.edu.au/downloads/senior-qce/sciences/snr_earth_science_25_unit3_ia2_smple_ass_inst.pdf,2025
https://www.qcaa.qld.edu.au/about/governance/legislation,QCAA,statutory curriculum authority,verified,sha256:f3f2388881e5441666121da71d01d8ff2c46ecd1ad0a52b3ea18f389e4eec16e,Sample assessment instrument: Research investigation (Unit 4 IA3) 2025,Queensland,Sciences,CC BY 4.0 (https://creativecommons.org/licenses/by/4.0/),PDF (148.8 KB),Queensland Curriculum and Assessment Authority,2026-09-02,Years 11-12,SRC-0073,current,QSUB-0026,https://www.qcaa.qld.edu.au/downloads/senior-qce/sciences/snr_earth_science_25_unit4_ia3_smple_ass_inst.pdf,2025
https://www.qcaa.qld.edu.au/about/governance/legislation,QCAA,statutory curriculum authority,verified,sha256:8c23e1553a70030283453b6cea7124aabe6091f8a9a983c26eea3633473bafb5,"Sample marking scheme: Data test (Unit 3 IA1, 10%) 2025",Queensland,Sciences,CC BY 4.0 (https://creativecommons.org/licenses/by/4.0/),PDF (288.9 KB),Queensland Curriculum and Assessment Authority,2026-09-02,Years 11-12,SRC-0074,current,QSUB-0026,https://www.qcaa.qld.edu.au/downloads/senior-qce/sciences/snr_earth_science_25_ia1_smple_m_scheme.pdf,2025
https://www.qcaa.qld.edu.au/about/governance/legislation,QCAA,statutory curriculum authority,verified,sha256:a17c712158738d220346c74371f90aa933592e1815b59d2d38a42b9cc859e806,Quality assurance: Confirmation submission information,Queensland,Sciences,CC BY 4.0 (https://creativecommons.org/licenses/by/4.0/),PDF (904.6 KB),Queensland Curriculum and Assessment Authority,2026-09-02,Years 11-12,SRC-0075,current,QSUB-0026,https://www.qcaa.qld.edu.au/downloads/senior-qce/common/snr_qa_confirm_submission_info.pdf,2025
https://www.qcaa.qld.edu.au/about/governance/legislation,QCAA,statutory curriculum authority,verified,sha256:76628f45927863265835339a31832b7c72fbb619c9e1244b0f15cefa76d50f04,Subject report: Endorsement 2026,Queensland,Sciences,CC BY 4.0 (https://creativecommons.org/licenses/by/4.0/),PDF (176.0 KB),Queensland Curriculum and Assessment Authority,2026-09-02,Years 11-12,SRC-0076,current,QSUB-0026,https://www.qcaa.qld.edu.au/downloads/senior-qce/sciences/snr_earth_science_26_subj_rpt_endorse.pdf,2026
https://www.qcaa.qld.edu.au/about/governance/legislation,QCAA,statutory curriculum authority,verified,sha256:e941857d51e8cce509c646f6a0c94fe5b1ca290c73388bbdc8abf2ffe18c0040,Past paper: External assessment marking guide 2025,Queensland,Sciences,CC BY 4.0 (https://creativecommons.org/licenses/by/4.0/),PDF (377.3 KB),Queensland Curriculum and Assessment Authority,2026-09-02,Years 11-12,SRC-0077,historical,QSUB-0026,https://www.qcaa.qld.edu.au/downloads/senior-qce/sciences/snr_earth_science_25_ea_mark_guide_pub.pdf,2025
https://www.qcaa.qld.edu.au/about/governance/legislation,QCAA,statutory curriculum authority,verified,sha256:faea29719d927cf2eda9643e059b3b6cf7aabe73fa19d6f94ecabe79a2a66986,Past paper: Paper 1 multiple choice question book 2025,Queensland,Sciences,CC BY 4.0 (https://creativecommons.org/licenses/by/4.0/),PDF (1.2 MB),Queensland Curriculum and Assessment Authority,2026-09-02,Years 11-12,SRC-0078,historical,QSUB-0026,https://www.qcaa.qld.edu.au/downloads/senior-qce/sciences/snr_earth_science_25_ea_p1_mc_question.pdf,2025
https://www.qcaa.qld.edu.au/about/governance/legislation,QCAA,statutory curriculum authority,verified,sha256:3d4a1669547999fa715f790be346f718de3d324835a149df04d4be780cf86fd8,Past paper: Paper 1 question and response book 2025,Queensland,Sciences,CC BY 4.0 (https://creativecommons.org/licenses/by/4.0/),PDF (1006.0 KB),Queensland Curriculum and Assessment Authority,2026-09-02,Years 11-12,SRC-0079,historical,QSUB-0026,https://www.qcaa.qld.edu.au/downloads/senior-qce/sciences/snr_earth_science_25_ea_p1_question_response.pdf,2025
https://www.qcaa.qld.edu.au/about/governance/legislation,QCAA,statutory curriculum authority,verified,sha256:f0452c2040667dc2c8f7452824962d8a7b9f742c25b73644631a8bf40034d548,Past paper: Paper 2 question and response book 2025,Queensland,Sciences,CC BY 4.0 (https://creativecommons.org/licenses/by/4.0/),PDF (670.7 KB),Queensland Curriculum and Assessment Authority,2026-09-02,Years 11-12,SRC-0080,historical,QSUB-0026,https://www.qcaa.qld.edu.au/downloads/senior-qce/sciences/snr_earth_science_25_ea_p2_question_response.pdf,2025
https://www.qcaa.qld.edu.au/about/governance/legislation,QCAA,statutory curriculum authority,verified,sha256:193216d5d3639f84d625e82d739e9b003682690b0a7cfce84c3c09630c6e3fd3,Past paper: Paper 2 stimulus book 2025,Queensland,Sciences,CC BY 4.0 (https://creativecommons.org/licenses/by/4.0/),PDF (1.1 MB),Queensland Curriculum and Assessment Authority,2026-09-02,Years 11-12,SRC-0081,historical,QSUB-0026,https://www.qcaa.qld.edu.au/downloads/senior-qce/sciences/snr_earth_science_25_ea_p2_stimulus.pdf,2025
https://www.qcaa.qld.edu.au/about/governance/legislation,QCAA,statutory curriculum authority,verified,sha256:c476a01e6f07d5fe44834515d26fc97da3d86096bc80f8900e0d5a66aca14eba,Drama General senior syllabus 2025 (live subject page),Queensland,The Arts,Creative Commons Attribution 4.0 International (CC BY 4.0),"HTML rendering of the official subject page; section heading 'Drama General senior syllabus 2025'; implementation statement 'For implementation with students who will complete their study of the course in 2026 or beyond'; syllabus link 'Drama 2025 v1.3 (PDF, 761.7 KB)'; resources: sample assessment instruments for the 2025 syllabus (Unit 3 IA1 Performance, Unit 3 IA2 Dramatic concept, Unit 4 IA3 Practice-led project), associated material, past papers 2020-2025, subject reports 2020-2026; page footer 'Last updated: 15 June 2026' and 'Text available under Creative Commons Attribution 4.0 International (CC BY 4.0) licence'",Queensland Curriculum and Assessment Authority,2026-09-02,Years 11-12,SRC-0082,,QSUB-0023,https://www.qcaa.qld.edu.au/senior/senior-subjects/syllabuses/the-arts/drama,2025 v1.3 (implementation from 2026)
https://www.qcaa.qld.edu.au/about/governance/legislation,QCAA,statutory curriculum authority,verified,sha256:32a7a9f1ec7f0283a951a6232f9aa2f59e1ddaa29ae68999fd1090f890b1d884,Drama 2025 v1.3 General senior syllabus PDF,Queensland,The Arts,Creative Commons Attribution 4.0 International (CC BY 4.0),"PDF, 761.7 KB, 47 printed pages; cover 'Drama 2025 v1.3 General senior syllabus January 2026' with '© State of Queensland (QCAA) 2026' and Creative Commons Attribution 4.0 International (CC BY 4.0) licence block; syllabus objectives pages 4-5; unit structure pages 21-33 (Unit 1 Share, Unit 2 Reflect, Unit 3 Challenge, Unit 4 Transform); assessment pages 34-47; version history records v1.3 January 2026",Queensland Curriculum and Assessment Authority,2026-09-02,Years 11-12,SRC-0083,,QSUB-0023,https://www.qcaa.qld.edu.au/downloads/senior-qce/syllabuses/snr_drama_25_syll.pdf,2025 v1.3 (implementation from 2026)
https://www.qcaa.qld.edu.au/about/governance/legislation,QCAA,statutory curriculum authority,verified,sha256:9792dd34d234794b914fd8e2abb182b042645f0a8c8c4aaa7974e0eb08f8af1e,Dance in Practice Applied senior syllabus,Queensland,Dance in Practice,CC BY 4.0 (https://creativecommons.org/licenses/by/4.0/),HTML: #content; Syllabus; Resources > Sample assessment instruments; last updated 13 September 2024,Queensland Curriculum and Assessment Authority,2026-09-02,Years 11-12,SRC-0084,,QSUB-0020,https://www.qcaa.qld.edu.au/senior/senior-subjects/syllabuses/the-arts/dance-in-practice,Dance in Practice 2024 v1.2
https://www.qcaa.qld.edu.au/about/governance/legislation,QCAA,statutory curriculum authority,verified,sha256:837a8d8c2c1ef9b878cb1306dba7f9b30e5713ed661ecdb0962618854031db1d,Dance in Practice 2024 v1.2 Applied senior syllabus,Queensland,Dance in Practice,CC BY 4.0 (https://creativecommons.org/licenses/by/4.0/),PDF: cover; pp. 1-3 (rationale and syllabus objectives); pp. 4-12 (designing a course of study and reporting); pp. 13-24 (unit options A-D); pp. 25-41 (assessment specifications and instrument-specific standards),Queensland Curriculum and Assessment Authority,2026-09-02,Years 11-12,SRC-0085,,QSUB-0020,https://www.qcaa.qld.edu.au/downloads/senior-qce/syllabuses/snr_dance_prac_24_app_syll.pdf,Dance in Practice 2024 v1.2
https://www.qcaa.qld.edu.au/about/governance/legislation,QCAA,statutory curriculum authority,verified,sha256:8aa92ceeee76801df4ae9e8154e06989d7ede0215f68f205c28cb388818c8ac6,Dance in Practice 2019 v1.0 Sample assessment instrument: Project — Dance/music video clip,Queensland,Dance in Practice,CC BY 4.0 (https://creativecommons.org/licenses/by/4.0/),PDF: cover; p. 2 (task); p. 3 (checkpoints); pp. 3-5 (instrument-specific standards matrix),Queensland Curriculum and Assessment Authority,2026-09-02,Years 11-12,SRC-0086,,QSUB-0020,https://www.qcaa.qld.edu.au/downloads/senior-qce/arts/snr_dance_prac_19_app_smple_ass_inst_project.pdf,Dance in Practice 2019 v1.0
https://www.qcaa.qld.edu.au/about/governance/legislation,QCAA,statutory curriculum authority,verified,sha256:5b05727e95461872867f4c1d59d7ed7cd704f95da72974aedb64368e67a2184d,Dance in Practice 2019 v1.0 Sample assessment instrument: Performance — Dancing cultures,Queensland,Dance in Practice,CC BY 4.0 (https://creativecommons.org/licenses/by/4.0/),PDF: cover; p. 2 (task); p. 3 (checkpoints); p. 4 (instrument-specific standards matrix),Queensland Curriculum and Assessment Authority,2026-09-02,Years 11-12,SRC-0087,,QSUB-0020,https://www.qcaa.qld.edu.au/downloads/senior-qce/arts/snr_dance_prac_19_app_smple_ass_inst_perform.pdf,Dance in Practice 2019 v1.0
https://www.qcaa.qld.edu.au/about/governance/legislation,QCAA,statutory curriculum authority,verified,sha256:581e0cb177bd0589a71943b4295439415d5e181caae0c2732098d0d5feaaf75a,Design General senior syllabus,Queensland,Technologies - Design,CC BY 4.0,HTML: full syllabus section; version confirmed as 2025 v1.3; Resources listing includes current sample assessment instruments and historical past papers; last updated 15 June 2026,Queensland Curriculum and Assessment Authority,2026-09-02,Years 11-12,SRC-0088,,QSUB-0021,https://www.qcaa.qld.edu.au/senior/senior-subjects/syllabuses/technologies/design,2025 v1.3
https://www.qcaa.qld.edu.au/about/governance/legislation,QCAA,statutory curriculum authority,verified,sha256:f141c99dec0b7558bdce0f0f26fd8db892caabc4e5e4710075ebd7b6439db485,Design 2025 v1.3 General senior syllabus,Queensland,Technologies - Design,CC BY 4.0,"PDF: cover; pp. 3-4 (syllabus objectives); pp. 13, 18, 22, 26 (units); pp. 30, 34, 39, 44 (assessment); p. 47 (version history)",Queensland Curriculum and Assessment Authority,2026-09-02,Years 11-12,SRC-0089,,QSUB-0021,https://www.qcaa.qld.edu.au/downloads/senior-qce/syllabuses/snr_design_25_syll.pdf,2025 v1.3
https://www.qcaa.qld.edu.au/about/governance/legislation,QCAA,statutory curriculum authority,verified,sha256:a02e4c64f8d5cc3766c6659479a8165fed8f910ff5e918e8338b0c5cc41b050a,Key senior subject changes: For external assessment in 2026,Queensland,Technologies - Design,CC BY 4.0,PDF: 17 pages; Design entry lists plain-language and circular design subject-matter revisions for external assessment in 2026,Queensland Curriculum and Assessment Authority,2026-09-02,Years 11-12,SRC-0090,,QSUB-0021,https://www.qcaa.qld.edu.au/downloads/senior-qce/common/snr_key_subj_changes_ea_26.pdf,2026
https://www.qcaa.qld.edu.au/about/governance/legislation,QCAA,statutory curriculum authority,verified,sha256:f009fb30e588de136a6336f3f1172ba1ef3af8c2c8244cd3917abeac836d7423,Chinese Extension General senior syllabus (HTML page),Queensland,Languages,CC BY 4.0 (https://creativecommons.org/licenses/by/4.0/),HTML page; Syllabus; Resources > Past papers / Quality assurance / Subject reports; last updated 15 June 2026,Queensland Curriculum and Assessment Authority,2026-09-02,Years 11-12,SRC-0091,,QSUB-0017,https://www.qcaa.qld.edu.au/senior/senior-subjects/syllabuses/languages/chinese-extension,2026 v1.3
https://www.qcaa.qld.edu.au/about/governance/legislation,QCAA,statutory curriculum authority,verified,sha256:6e2b87ac83794fb2dc79a36615961c71c78afb318ae91353abdc65cb0edfa88f,Chinese Extension 2026 v1.3 General (Extension) senior syllabus PDF,Queensland,Languages,CC BY 4.0 (https://creativecommons.org/licenses/by/4.0/),"PDF, 540.6 KB, 39 pages",Queensland Curriculum and Assessment Authority,2026-09-02,Years 11-12,SRC-0092,,QSUB-0017,https://www.qcaa.qld.edu.au/downloads/senior-qce/syllabuses/snr_chinese_ext_26_syll.pdf,2026 v1.3
https://www.qcaa.qld.edu.au/about/governance/legislation,QCAA,statutory curriculum authority,verified,sha256:7de48d33bc787a5937499648f1f0f73c16aaba24145d75f8c788cbabfa4206b5,Key senior subject changes: For external assessment in 2026,Queensland,Languages,CC BY 4.0 (https://creativecommons.org/licenses/by/4.0/),"PDF, 295.1 KB",Queensland Curriculum and Assessment Authority,2026-09-02,Years 11-12,SRC-0093,,QSUB-0017,https://www.qcaa.qld.edu.au/downloads/senior-qce/common/snr_ext_key_subj_changes_ea_26.pdf,2026
https://www.qcaa.qld.edu.au/about/governance/legislation,QCAA,statutory curriculum authority,verified,sha256:82d1f04e0133e0a6ffc47905c3e01cb3f8373b187c947b6a8a9b0bb717c363c4,Quality assurance: Confirmation submission information,Queensland,Languages,CC BY 4.0 (https://creativecommons.org/licenses/by/4.0/),"PDF, 904.6 KB",Queensland Curriculum and Assessment Authority,2026-09-02,Years 11-12,SRC-0094,,QSUB-0017,https://www.qcaa.qld.edu.au/downloads/senior-qce/common/snr_qa_confirm_submission_info.pdf,2025
https://www.qcaa.qld.edu.au/about/governance/legislation,QCAA,statutory curriculum authority,verified,sha256:0b0503e8436b97e00ff69b6387a46acd6e70f2927c9a7e2d40b678c33ad9222c,Subject report: Endorsement 2026,Queensland,Languages,CC BY 4.0 (https://creativecommons.org/licenses/by/4.0/),"PDF, 177.3 KB",Queensland Curriculum and Assessment Authority,2026-09-02,Years 11-12,SRC-0095,,QSUB-0017,https://www.qcaa.qld.edu.au/downloads/senior-qce/languages/snr_chinese_ext_26_subj_rpt_endorse.pdf,2026
https://www.qcaa.qld.edu.au/about/governance/legislation,QCAA,statutory curriculum authority,verified,sha256:c72ffa88b61bd2a5f5da4bc4176a97bf1451e905b3311bb8b39d9462511ee1ad,Past paper: Marking guide 2025,Queensland,Languages,CC BY 4.0 (https://creativecommons.org/licenses/by/4.0/),"PDF, 410.2 KB",Queensland Curriculum and Assessment Authority,2026-09-02,Years 11-12,SRC-0096,,QSUB-0017,https://www.qcaa.qld.edu.au/downloads/senior-qce/languages/snr_chinese_ext_25_ea_mark_guide_pub.pdf,2025
https://www.qcaa.qld.edu.au/about/governance/legislation,QCAA,statutory curriculum authority,verified,sha256:e776b2e8692be5dfdcbee39b02c953dda065d8c276e1ec675cf31ba2775cce5f,Past paper: Question and response book 2025,Queensland,Languages,CC BY 4.0 (https://creativecommons.org/licenses/by/4.0/),"PDF, 620.5 KB",Queensland Curriculum and Assessment Authority,2026-09-02,Years 11-12,SRC-0097,,QSUB-0017,https://www.qcaa.qld.edu.au/downloads/senior-qce/languages/snr_chinese_ext_25_ea_question_response.pdf,2025
https://www.qcaa.qld.edu.au/about/governance/legislation,QCAA,statutory curriculum authority,verified,sha256:e66b61243f28fd23e227d84c5f393f970f8882204ce2e99c7d5998626709590b,Past paper: Stimulus book 2025,Queensland,Languages,CC BY 4.0 (https://creativecommons.org/licenses/by/4.0/),"PDF, 288.2 KB",Queensland Curriculum and Assessment Authority,2026-09-02,Years 11-12,SRC-0098,,QSUB-0017,https://www.qcaa.qld.edu.au/downloads/senior-qce/languages/snr_chinese_ext_25_ea_stimulus.pdf,2025
https://www.qcaa.qld.edu.au/about/governance/legislation,QCAA,statutory curriculum authority,verified,sha256:9db74b534f45ad7cf1ebdfb32d56a0cc1b0bc86005ff32571f90214513071baa,Critical Thinking Short Course senior syllabus 2026 (HTML page),Queensland,Humanities and Social Sciences,CC BY 4.0 (https://creativecommons.org/licenses/by/4.0/),HTML page / syllabus and implementation-note section,Queensland Curriculum and Assessment Authority,2026-09-02,Years 11-12,SRC-0099,current,QSUB-0018,https://www.qcaa.qld.edu.au/senior/senior-subjects/syllabuses/humanities-social-sciences/critical-thinking,2026 v1.0
https://www.qcaa.qld.edu.au/about/governance/legislation,QCAA,statutory curriculum authority,verified,sha256:1c090abc144f8fdbb7794eb64658031aea252cc7db4d8197b86bd4e0c8a3f7cf,Critical Thinking 2026 v1.0 Short Course senior syllabus,Queensland,Humanities and Social Sciences,CC BY 4.0 (https://creativecommons.org/licenses/by/4.0/),PDF (296.1 KB / 26 pages),Queensland Curriculum and Assessment Authority,2026-09-02,Years 11-12,SRC-0100,current,QSUB-0018,https://www.qcaa.qld.edu.au/downloads/senior-qce/syllabuses/snr_critical_thinking_short_course_26_syll.pdf,2026 v1.0
https://www.qcaa.qld.edu.au/about/governance/legislation,QCAA,statutory curriculum authority,verified,sha256:d1f6581081d5b70a2df168e0285c0b5fba657661a899aff63af047116cd622c2,Dance General senior syllabus,Queensland,The Arts,CC BY 4.0 (https://creativecommons.org/licenses/by/4.0/),"HTML: #content; Syllabus; Resources (Annotated sample responses, Past papers, Sample assessment instruments, Subject reports); last updated 15 June 2026",Queensland Curriculum and Assessment Authority,2026-09-02,Years 11-12,SRC-0101,,QSUB-0019,https://www.qcaa.qld.edu.au/senior/senior-subjects/syllabuses/the-arts/dance,2025 v1.3
https://www.qcaa.qld.edu.au/about/governance/legislation,QCAA,statutory curriculum authority,verified,sha256:c4fc6c9aba131a5d2b702ba12556e1b80247bfa853f0300499611cce0e7cc9f5,Dance 2025 v1.3 General senior syllabus,Queensland,The Arts,CC BY 4.0 (https://creativecommons.org/licenses/by/4.0/),"PDF: cover; pp. 3-4 (syllabus objectives); pp. 22, 27, 32, 37 (units); pp. 42-56 (assessment); p. 57 (glossary, references, version history)",Queensland Curriculum and Assessment Authority,2026-09-02,Years 11-12,SRC-0102,,QSUB-0019,https://www.qcaa.qld.edu.au/downloads/senior-qce/syllabuses/snr_dance_25_syll.pdf,2025 v1.3
https://www.qcaa.qld.edu.au/about/governance/legislation,QCAA,statutory curriculum authority,verified,sha256:0522b9287735d76e44fcc38bdcf875049586fa486e7a4abbd7e2ce15459ffcf5,Sample assessment instrument: Performance (Unit 3 IA1),Queensland,The Arts,CC BY 4.0 (https://creativecommons.org/licenses/by/4.0/),PDF (178.3 KB): Unit 3 IA1 Performance sample assessment instrument; 6 pages,Queensland Curriculum and Assessment Authority,2026-09-02,Years 11-12,SRC-0103,,QSUB-0019,https://www.qcaa.qld.edu.au/downloads/senior-qce/arts/snr_dance_25_unit3_ia1_smple_ass_inst.pdf,2025
https://www.qcaa.qld.edu.au/about/governance/legislation,QCAA,statutory curriculum authority,verified,sha256:ca6cdd4898882fcc6c59b81ce8f1971720861adc36d70f7643f2d4bd8ccfb655,Sample assessment instrument: Choreography (Unit 3 IA2),Queensland,The Arts,CC BY 4.0 (https://creativecommons.org/licenses/by/4.0/),PDF (165.1 KB): Unit 3 IA2 Choreography sample assessment instrument; 7 pages,Queensland Curriculum and Assessment Authority,2026-09-02,Years 11-12,SRC-0104,,QSUB-0019,https://www.qcaa.qld.edu.au/downloads/senior-qce/arts/snr_dance_25_unit3_ia2_smple_ass_inst.pdf,2025
https://www.qcaa.qld.edu.au/about/governance/legislation,QCAA,statutory curriculum authority,verified,sha256:4d786e6b7f4e4fc9f0bf392526d97ea73769b7040beedbaf40c189da9065106c,Sample assessment instrument: Dance work (Unit 4 IA3),Queensland,The Arts,CC BY 4.0 (https://creativecommons.org/licenses/by/4.0/),PDF (199.2 KB): Unit 4 IA3 Dance work sample assessment instrument; 8 pages,Queensland Curriculum and Assessment Authority,2026-09-02,Years 11-12,SRC-0105,,QSUB-0019,https://www.qcaa.qld.edu.au/downloads/senior-qce/arts/snr_dance_25_unit4_ia3_smple_ass_inst.pdf,2025
https://www.qcaa.qld.edu.au/about/governance/legislation,QCAA,statutory curriculum authority,verified,sha256:8eb4d8c419e4fe2bcec0f0e2cd2b4f965364265e7e5f7ec59b3074bad7508016,Key senior subject changes: For external assessment in 2026,Queensland,The Arts,CC BY 4.0 (https://creativecommons.org/licenses/by/4.0/),PDF (295.1 KB): key senior subject changes for external assessment in 2026; 17 pages; July 2026,Queensland Curriculum and Assessment Authority,2026-09-02,Years 11-12,SRC-0106,,QSUB-0019,https://www.qcaa.qld.edu.au/downloads/senior-qce/common/snr_key_subj_changes_ea_26.pdf,2026
https://www.qcaa.qld.edu.au/about/governance/legislation,QCAA,statutory curriculum authority,verified,sha256:f0f4cf30e5e174f7c5e9b922f2d887c90e095cabce91ef966accd1ad274d7aec,Drama in Practice Applied senior syllabus (live subject page),Queensland,The Arts,CC BY 4.0 (https://creativecommons.org/licenses/by/4.0/),Full source: HTML syllabus section; Syllabus lists Drama in Practice Applied senior syllabus 2024 v1.2; Resources lists sample assessment instruments; last updated 13 September 2024,Queensland Curriculum and Assessment Authority,2026-09-02,Years 11-12,SRC-0107,,QSUB-0024,https://www.qcaa.qld.edu.au/senior/senior-subjects/syllabuses/the-arts/drama-in-practice,2024 v1.2
https://www.qcaa.qld.edu.au/about/governance/legislation,QCAA,statutory curriculum authority,verified,sha256:ae9b54ec116799a508be78db0dd999e49f1e82fcbddd7eb880ed8a1411112eb2,Drama in Practice 2024 v1.2 Applied senior syllabus,Queensland,The Arts,CC BY 4.0 (https://creativecommons.org/licenses/by/4.0/),"Full source: PDF content pages 1-45; page 1 course overview and rationale; page 3 syllabus objectives; page 4 course structure; pages 13, 16, 19, 22 unit options A-D; pages 25-44 assessment specifications and conditions; page 45 version history",Queensland Curriculum and Assessment Authority,2026-09-02,Years 11-12,SRC-0108,,QSUB-0024,https://www.qcaa.qld.edu.au/downloads/senior-qce/syllabuses/snr_drama_prac_24_app_syll.pdf,2024 v1.2
https://www.qcaa.qld.edu.au/about/governance/legislation,QCAA,statutory curriculum authority,verified,sha256:c6b1e6e73506bcd1266451b36c3373b2ea26942fff56a75c651788e5327bc011,Early Childhood Studies Applied senior syllabus (HTML page),Queensland,Health and Physical Education,CC BY 4.0 (https://creativecommons.org/licenses/by/4.0/),HTML page / Syllabus and Resources sections; last updated 13 September 2024,Queensland Curriculum and Assessment Authority,2026-09-02,Years 11-12,SRC-0109,,QSUB-0025,https://www.qcaa.qld.edu.au/senior/senior-subjects/syllabuses/health-physical-education/early-childhood-studies,2024 v1.2
https://www.qcaa.qld.edu.au/about/governance/legislation,QCAA,statutory curriculum authority,verified,sha256:23ea1845c06530914ff072bbeb4fbbd5d404931beee68e7af4938799ba838085,Early Childhood Studies 2024 v1.2 Applied senior syllabus PDF,Queensland,Health and Physical Education,CC BY 4.0 (https://creativecommons.org/licenses/by/4.0/),PDF (53 pages; page-catalogued 690.0 KB),Queensland Curriculum and Assessment Authority,2026-09-02,Years 11-12,SRC-0110,,QSUB-0025,https://www.qcaa.qld.edu.au/downloads/senior-qce/syllabuses/snr_early_childhood_24_app_syll.pdf,2024 v1.2
https://www.qcaa.qld.edu.au/about/governance/legislation,QCAA,statutory curriculum authority,verified,sha256:351b50946f3010279cc184d9a3292c3b74dffcec3b9df00b8f187f4ba9f1e2e2,Economics General senior syllabus 2025 v1.4 (HTML page),Queensland,Humanities and Social Sciences,CC BY 4.0 (https://creativecommons.org/licenses/by/4.0/),HTML page / syllabus navigation section,Queensland Curriculum and Assessment Authority,2026-09-04,Years 11-12,SRC-0111,,QSUB-0027,https://www.qcaa.qld.edu.au/senior/senior-subjects/syllabuses/humanities-social-sciences/economics,2025 v1.4
https://www.qcaa.qld.edu.au/about/governance/legislation,QCAA,statutory curriculum authority,verified,sha256:4061a33a78c477f32785744960dfc4bb4d0ce2b78e8fb03aa5e86f9d44404782,Health General senior syllabus 2025 v1.3 (HTML page),Queensland,Health and Physical Education,CC BY 4.0 (https://creativecommons.org/licenses/by/4.0/),HTML page; page title 'Health General senior syllabus'; Syllabus section lists Health 2025 v1.3 (PDF 1.2 MB) and associated material; Resources sections list past papers and sample assessment instruments and subject reports; last updated 15 June 2026,Queensland Curriculum and Assessment Authority,2026-09-02,Years 11-12,SRC-0112,current,QSUB-0045,https://www.qcaa.qld.edu.au/senior/senior-subjects/syllabuses/health-physical-education/health,2025 v1.3
https://www.qcaa.qld.edu.au/about/governance/legislation,QCAA,statutory curriculum authority,verified,sha256:b9aacfead8bbc0090f3861693d745e066df32186d1c6610cea68b2463de58d3a,Health 2025 v1.3 General senior syllabus PDF,Queensland,Health and Physical Education,CC BY 4.0 (https://creativecommons.org/licenses/by/4.0/),PDF (1.2 MB; 70 pages); cover; syllabus objectives pp. 3-4; designing a course of study pp. 5-10; units pp. 12-48; assessment pp. 49-66; version history p. 70,Queensland Curriculum and Assessment Authority,2026-09-02,Years 11-12,SRC-0113,current,QSUB-0045,https://www.qcaa.qld.edu.au/downloads/senior-qce/syllabuses/snr_health_25_syll.pdf,2025 v1.3
https://www.qcaa.qld.edu.au/about/governance/legislation,QCAA,statutory curriculum authority,verified,sha256:a02e4c64f8d5cc3766c6659479a8165fed8f910ff5e918e8338b0c5cc41b050a,Key senior subject changes: For external assessment in 2026,Queensland,Health and Physical Education,CC BY 4.0 (https://creativecommons.org/licenses/by/4.0/),PDF (295.1 KB); Health listed among subjects with external assessment in 2026,Queensland Curriculum and Assessment Authority,2026-09-02,Years 11-12,SRC-0114,current,QSUB-0045,https://www.qcaa.qld.edu.au/downloads/senior-qce/common/snr_key_subj_changes_ea_26.pdf,2026
https://www.qcaa.qld.edu.au/about/governance/legislation,QCAA,statutory curriculum authority,verified,sha256:dfaec6f8a7ba18529553690b2a02170d29df9c12bd4837ed75883bf6f084b43d,Health inquiry model resource,Queensland,Health and Physical Education,CC BY 4.0 (https://creativecommons.org/licenses/by/4.0/),PDF (2.1 MB; 28 pages); linked from subject page under Associated material,Queensland Curriculum and Assessment Authority,2026-09-02,Years 11-12,SRC-0115,current,QSUB-0045,https://www.qcaa.qld.edu.au/downloads/senior-qce/hpe/snr_health_25_syll_inq_mod_res.pdf,2025 v1.2 (resource label)
https://www.qcaa.qld.edu.au/about/governance/legislation,QCAA,statutory curriculum authority,verified,sha256:09b1a1d99fb577f54fd50f3a73dedbea0ce58704ff8fa76349f060d6648fa58d,Quality assurance: Confirmation submission information,Queensland,Health and Physical Education,CC BY 4.0 (https://creativecommons.org/licenses/by/4.0/),PDF (904.6 KB; 79 pages); QA confirmation submission guidance linked from subject page,Queensland Curriculum and Assessment Authority,2026-09-02,Years 11-12,SRC-0116,current,QSUB-0045,https://www.qcaa.qld.edu.au/downloads/senior-qce/common/snr_qa_confirm_submission_info.pdf,2026
https://www.qcaa.qld.edu.au/about/governance/legislation,QCAA,statutory curriculum authority,verified,sha256:d6d5bd568b2ebc714afc2f230164706e3b0956f32974f8d0f74bc92a3809b3d8,Sample assessment instrument: Action research Unit 3 IA1 (Elective topic 1: Homelessness),Queensland,Health and Physical Education,CC BY 4.0 (https://creativecommons.org/licenses/by/4.0/),PDF (199.1 KB; 8 pages); linked from subject page under Sample assessment instruments,Queensland Curriculum and Assessment Authority,2026-09-02,Years 11-12,SRC-0117,current,QSUB-0045,https://www.qcaa.qld.edu.au/downloads/senior-qce/hpe/snr_health_25_unit3_ia1_e1_smple_ass_inst.pdf,2025
https://www.qcaa.qld.edu.au/about/governance/legislation,QCAA,statutory curriculum authority,verified,sha256:7c66b11e776b4780b59e194ff614614eb824647a51680ef1f159226aa7561daa,Sample assessment instrument: Action research Unit 3 IA1 (Elective topic 2: Transport safety),Queensland,Health and Physical Education,CC BY 4.0 (https://creativecommons.org/licenses/by/4.0/),PDF (204.1 KB; 8 pages); linked from subject page under Sample assessment instruments,Queensland Curriculum and Assessment Authority,2026-09-02,Years 11-12,SRC-0118,current,QSUB-0045,https://www.qcaa.qld.edu.au/downloads/senior-qce/hpe/snr_health_25_unit3_ia1_e2_smple_ass_inst.pdf,2025
https://www.qcaa.qld.edu.au/about/governance/legislation,QCAA,statutory curriculum authority,verified,sha256:db6bb035876cb5be70bb443f8981e43a950d53e729df8ca7ebf27020bd11d8e0,Sample assessment instrument: Action research Unit 3 IA1 (Elective topic 3: Anxiety),Queensland,Health and Physical Education,CC BY 4.0 (https://creativecommons.org/licenses/by/4.0/),PDF (201.3 KB; 9 pages); linked from subject page under Sample assessment instruments,Queensland Curriculum and Assessment Authority,2026-09-02,Years 11-12,SRC-0119,current,QSUB-0045,https://www.qcaa.qld.edu.au/downloads/senior-qce/hpe/snr_health_25_unit3_ia1_e3_smple_ass_inst.pdf,2025
https://www.qcaa.qld.edu.au/about/governance/legislation,QCAA,statutory curriculum authority,verified,sha256:bb5b25d6596c488584000bb3085c5871908c8f0b7ab575ba18903691f42c6583,Sample assessment instrument: Examination extended response Unit 3 IA2 (Elective topic 2: Transport safety),Queensland,Health and Physical Education,CC BY 4.0 (https://creativecommons.org/licenses/by/4.0/),PDF (159.9 KB; 6 pages); linked from subject page under Sample assessment instruments,Queensland Curriculum and Assessment Authority,2026-09-02,Years 11-12,SRC-0120,current,QSUB-0045,https://www.qcaa.qld.edu.au/downloads/senior-qce/hpe/snr_health_25_unit3_ia2_e2_smple_ass_inst.pdf,2025
https://www.qcaa.qld.edu.au/about/governance/legislation,QCAA,statutory curriculum authority,verified,sha256:d9304bfd12ab11083f8cd20d73c409c229466ffa5c211fd997c863131b71c803,Sample stimulus book: Unit 3 IA2 (Elective topic 2: Transport safety),Queensland,Health and Physical Education,CC BY 4.0 (https://creativecommons.org/licenses/by/4.0/),PDF (396.4 KB; 6 pages); linked from subject page under Sample assessment instruments,Queensland Curriculum and Assessment Authority,2026-09-02,Years 11-12,SRC-0121,current,QSUB-0045,https://www.qcaa.qld.edu.au/downloads/senior-qce/hpe/snr_health_25_ia2_e2_smple_stim.pdf,2025
https://www.qcaa.qld.edu.au/about/governance/legislation,QCAA,statutory curriculum authority,verified,sha256:293338307a1d8390f1059c368af2ae295799454d2214a3070b446e283dcb0801,Sample assessment instrument: Investigation Unit 4 IA3,Queensland,Health and Physical Education,CC BY 4.0 (https://creativecommons.org/licenses/by/4.0/),PDF (200.2 KB; 8 pages); linked from subject page under Sample assessment instruments,Queensland Curriculum and Assessment Authority,2026-09-02,Years 11-12,SRC-0122,current,QSUB-0045,https://www.qcaa.qld.edu.au/downloads/senior-qce/hpe/snr_health_25_unit4_ia3_smple_ass_inst.pdf,2025
https://www.qcaa.qld.edu.au/about/governance/legislation,QCAA,statutory curriculum authority,verified,sha256:4086730a87b5c7d8cb2e42813d3a9972940cef6010e289d53cbbf3911e6055fb,Past paper: Marking guide and sample response 2025,Queensland,Health and Physical Education,CC BY 4.0 (https://creativecommons.org/licenses/by/4.0/),PDF (263.1 KB; 9 pages); historical external assessment paper for the 2025 study year,Queensland Curriculum and Assessment Authority,2026-09-02,Years 11-12,SRC-0123,historical,QSUB-0045,https://www.qcaa.qld.edu.au/downloads/senior-qce/hpe/snr_health_25_ea_mark_guide_pub.pdf,2025
https://www.qcaa.qld.edu.au/about/governance/legislation,QCAA,statutory curriculum authority,verified,sha256:3b9aea4bdfe7d161d252781eaf6f65d11480ac05619003c0f2a60a855845d7a4,Past paper: Question and response book 2025,Queensland,Health and Physical Education,CC BY 4.0 (https://creativecommons.org/licenses/by/4.0/),PDF (876.2 KB; 20 pages); historical external assessment paper for the 2025 study year,Queensland Curriculum and Assessment Authority,2026-09-02,Years 11-12,SRC-0124,historical,QSUB-0045,https://www.qcaa.qld.edu.au/downloads/senior-qce/hpe/snr_health_25_ea_question_response.pdf,2025
https://www.qcaa.qld.edu.au/about/governance/legislation,QCAA,statutory curriculum authority,verified,sha256:dd88a5ed33ab07e813ccf4e2b1191f9b33fbdbafd71e1a5eb1b82b600bd6c14a,Past paper: Stimulus book 2025,Queensland,Health and Physical Education,CC BY 4.0 (https://creativecommons.org/licenses/by/4.0/),PDF (440.5 KB; 8 pages); historical external assessment paper for the 2025 study year,Queensland Curriculum and Assessment Authority,2026-09-02,Years 11-12,SRC-0125,historical,QSUB-0045,https://www.qcaa.qld.edu.au/downloads/senior-qce/hpe/snr_health_25_ea_stimulus.pdf,2025
https://www.qcaa.qld.edu.au/about/governance/legislation,QCAA,statutory curriculum authority,verified,sha256:d9f80badf15546d58065a5317fbfc321875fa2005bd4d35c5752107a1f011765,Hospitality Practices Applied senior syllabus (official subject page),Queensland,Technologies,CC BY 4.0 (https://creativecommons.org/licenses/by/4.0/),HTML: #content; Syllabus section; Resources > Sample assessment instruments; CC BY 4.0 licence badge; © State of Queensland (QCAA) 2026,Queensland Curriculum and Assessment Authority,2026-09-02,Years 11-12,SRC-0126,current,QSUB-0046,https://www.qcaa.qld.edu.au/senior/senior-subjects/syllabuses/technologies/hospitality-practices,2024 (page published 13 September 2024)
https://www.qcaa.qld.edu.au/about/governance/legislation,QCAA,statutory curriculum authority,verified,sha256:64805b61f89d58b3b0e0e0143173487b4170af1dc59b4b882037f56cdb6d0928,Hospitality Practices 2024 v1.3 Applied senior syllabus,Queensland,Technologies,CC BY 4.0 (https://creativecommons.org/licenses/by/4.0/),PDF: 66 pages (document numbered to 63); cover; contents; rationale pp.2-3; syllabus objectives p.3; course structure pp.4-5; reporting pp.8-9; unit options A-F pp.10-27; assessments A1-F2 pp.28-62; glossary/references/version history p.63,Queensland Curriculum and Assessment Authority,2026-09-02,Years 11-12,SRC-0127,current,QSUB-0046,https://www.qcaa.qld.edu.au/downloads/senior-qce/syllabuses/snr_hospitality_24_app_syll.pdf,2024 v1.3 (January 2026)
https://www.qcaa.qld.edu.au/about/governance/legislation,QCAA,statutory curriculum authority,verified,sha256:88f9721e8b82516bb4ac67bc15b99d4c852d44d5d1f330c898a50a6fff1c4eca,Sample assessment instrument: B1 — Practical demonstration,Queensland,Technologies,CC BY 4.0 (https://creativecommons.org/licenses/by/4.0/),PDF: 5 pages; cover and instrument specification,Queensland Curriculum and Assessment Authority,2026-09-02,Years 11-12,SRC-0128,current,QSUB-0046,https://www.qcaa.qld.edu.au/downloads/senior-qce/technologies/snr_hospitality_24_app_smple_ass_inst_b1_prac_demo.pdf,2024 v1.2
https://www.qcaa.qld.edu.au/about/governance/legislation,QCAA,statutory curriculum authority,verified,sha256:72fd29fe353587cfc027a058f92d53ae33f859662a0f92790c9ccfd372524750,Sample assessment instrument: B2 — Project,Queensland,Technologies,CC BY 4.0 (https://creativecommons.org/licenses/by/4.0/),PDF: 5 pages; cover and instrument specification,Queensland Curriculum and Assessment Authority,2026-09-02,Years 11-12,SRC-0129,current,QSUB-0046,https://www.qcaa.qld.edu.au/downloads/senior-qce/technologies/snr_hospitality_24_app_smple_ass_inst_b2_project.pdf,2024 v1.2
https://www.qcaa.qld.edu.au/about/governance/legislation,QCAA,statutory curriculum authority,verified,sha256:8311f2071500c7515b5065fafe7e10bd1d41499fd5bd2c11b41e6c207ab94bd2,Sample assessment instrument: F1 — Investigation,Queensland,Technologies,CC BY 4.0 (https://creativecommons.org/licenses/by/4.0/),PDF: 4 pages; cover and instrument specification,Queensland Curriculum and Assessment Authority,2026-09-02,Years 11-12,SRC-0130,current,QSUB-0046,https://www.qcaa.qld.edu.au/downloads/senior-qce/technologies/snr_hospitality_24_app_smple_ass_inst_f1_investigation.pdf,2024 v1.2
https://www.qcaa.qld.edu.au/about/governance/legislation,QCAA,statutory curriculum authority,verified,sha256:87c5c655f8fdd84a84443b5c286517f853e34e1c09fe0cde632f221e90584a52,French General senior syllabus (HTML page),Queensland,Languages,CC BY 4.0 (https://creativecommons.org/licenses/by/4.0/),HTML page / syllabus navigation section,Queensland Curriculum and Assessment Authority,2026-09-03,Years 11-12,SRC-0131,current,QSUB-0038,https://www.qcaa.qld.edu.au/senior/senior-subjects/syllabuses/languages/french,2025 v1.3
https://www.qcaa.qld.edu.au/about/governance/legislation,QCAA,statutory curriculum authority,verified,sha256:31f16c99e758c84b2415a8dd641b7be88b64cc133f50803cc7ec1adfd72b3601,French 2025 v1.3 General senior syllabus PDF,Queensland,Languages,CC BY 4.0 (https://creativecommons.org/licenses/by/4.0/),"PDF, 553.0 KB",Queensland Curriculum and Assessment Authority,2026-09-03,Years 11-12,SRC-0132,current,QSUB-0038,https://www.qcaa.qld.edu.au/downloads/senior-qce/syllabuses/snr_french_25_syll.pdf,2025 v1.3
https://www.qcaa.qld.edu.au/about/governance/legislation,QCAA,statutory curriculum authority,verified,sha256:77e05cb83e6246311d70dda267483bf9a12273ffa57dbfa7ff3cb35168b7d6df,Key senior subject changes: For external assessment in 2026,Queensland,Languages,CC BY 4.0 (https://creativecommons.org/licenses/by/4.0/),"PDF, 295.1 KB",Queensland Curriculum and Assessment Authority,2026-09-03,Years 11-12,SRC-0133,current,QSUB-0038,https://www.qcaa.qld.edu.au/downloads/senior-qce/common/snr_key_subj_changes_ea_26.pdf,2026
https://www.qcaa.qld.edu.au/about/governance/legislation,QCAA,statutory curriculum authority,verified,sha256:8fb3f3c80ae2ff76f9f17170cd05a674af0bf03ee98880a0be69bfd63d6ad055,Language elements: French 2025,Queensland,Languages,CC BY 4.0 (https://creativecommons.org/licenses/by/4.0/),"PDF, 235.8 KB",Queensland Curriculum and Assessment Authority,2026-09-03,Years 11-12,SRC-0134,current,QSUB-0038,https://www.qcaa.qld.edu.au/downloads/senior-qce/languages/snr_french_25_syll_lang_elms.pdf,2025
https://www.qcaa.qld.edu.au/about/governance/legislation,QCAA,statutory curriculum authority,verified,sha256:861e34f9219c1458eff50c3ea5e02c1d5926d649c12dd1e24cd7c71604840035,Sample assessment instrument: Examination — short response (Unit 3 IA1),Queensland,Languages,CC BY 4.0 (https://creativecommons.org/licenses/by/4.0/),"PDF, 182.5 KB",Queensland Curriculum and Assessment Authority,2026-09-03,Years 11-12,SRC-0135,current,QSUB-0038,https://www.qcaa.qld.edu.au/downloads/senior-qce/languages/snr_french_25_unit3_ia1_smple_ass_inst.pdf,2025
https://www.qcaa.qld.edu.au/about/governance/legislation,QCAA,statutory curriculum authority,verified,sha256:5896f6362a1f06ceed63206544602005fc7ca4fc9f3732d0e46e75a639662af0,Sample assessment instrument: Examination — extended response (Unit 3 IA2),Queensland,Languages,CC BY 4.0 (https://creativecommons.org/licenses/by/4.0/),"PDF, 172.6 KB",Queensland Curriculum and Assessment Authority,2026-09-03,Years 11-12,SRC-0136,current,QSUB-0038,https://www.qcaa.qld.edu.au/downloads/senior-qce/languages/snr_french_25_unit3_ia2_smple_ass_inst.pdf,2025
https://www.qcaa.qld.edu.au/about/governance/legislation,QCAA,statutory curriculum authority,verified,sha256:a17d60dccee72125839a82271432c3cb09c4af7ee467ee2ac6ae119c9d0914fb,Sample assessment instrument: Multimodal presentation and interview (Unit 4 IA3),Queensland,Languages,CC BY 4.0 (https://creativecommons.org/licenses/by/4.0/),"PDF, 251.1 KB",Queensland Curriculum and Assessment Authority,2026-09-03,Years 11-12,SRC-0137,current,QSUB-0038,https://www.qcaa.qld.edu.au/downloads/senior-qce/languages/snr_french_25_unit4_ia3_smple_ass_inst.pdf,2025
https://www.qcaa.qld.edu.au/about/governance/legislation,QCAA,statutory curriculum authority,verified,sha256:f75762215792d93465918d1e83295779a321ffd325c00367f9bbe5761c8858ec,Quality assurance: Confirmation submission information,Queensland,Languages,CC BY 4.0 (https://creativecommons.org/licenses/by/4.0/),"PDF, 904.6 KB",Queensland Curriculum and Assessment Authority,2026-09-03,Years 11-12,SRC-0138,current,QSUB-0038,https://www.qcaa.qld.edu.au/downloads/senior-qce/common/snr_qa_confirm_submission_info.pdf,2025
https://www.qcaa.qld.edu.au/about/governance/legislation,QCAA,statutory curriculum authority,verified,sha256:6f379f230114ed3e8e95a63b437e1c68a2ed568862ff65a3a1bd94662dc3f0d2,Subject report: Endorsement 2026,Queensland,Languages,CC BY 4.0 (https://creativecommons.org/licenses/by/4.0/),"PDF, 179.6 KB",Queensland Curriculum and Assessment Authority,2026-09-03,Years 11-12,SRC-0139,current,QSUB-0038,https://www.qcaa.qld.edu.au/downloads/senior-qce/languages/snr_french_26_subj_rpt_endorse.pdf,2026
https://www.qcaa.qld.edu.au/about/governance/legislation,QCAA,statutory curriculum authority,verified,sha256:eb09e9bd160c102dd65214865a8acfcddb7bea35efbbe04404ad5a078358b37d,Past paper: Marking guide 2025,Queensland,Languages,CC BY 4.0 (https://creativecommons.org/licenses/by/4.0/),"PDF, 312.0 KB",Queensland Curriculum and Assessment Authority,2026-09-03,Years 11-12,SRC-0141,historical,QSUB-0038,https://www.qcaa.qld.edu.au/downloads/senior-qce/languages/snr_french_25_ea_mark_guide_pub.pdf,2025
https://www.qcaa.qld.edu.au/about/governance/legislation,QCAA,statutory curriculum authority,verified,sha256:d122e4a8268a679fb0468ef8fa425ec12ce046bb0fb8cd9f701d8b0c11315046,Past paper: Question and response book 2025,Queensland,Languages,CC BY 4.0 (https://creativecommons.org/licenses/by/4.0/),"PDF, 624.9 KB",Queensland Curriculum and Assessment Authority,2026-09-03,Years 11-12,SRC-0142,historical,QSUB-0038,https://www.qcaa.qld.edu.au/downloads/senior-qce/languages/snr_french_25_ea_question_response.pdf,2025
https://www.qcaa.qld.edu.au/about/governance/legislation,QCAA,statutory curriculum authority,verified,sha256:36435db1923a5f0161c84253003cbf8995dc3abbaedd977a1b7b33741c46f0df,Past paper: Stimulus book 2025,Queensland,Languages,CC BY 4.0 (https://creativecommons.org/licenses/by/4.0/),"PDF, 207.2 KB",Queensland Curriculum and Assessment Authority,2026-09-03,Years 11-12,SRC-0143,historical,QSUB-0038,https://www.qcaa.qld.edu.au/downloads/senior-qce/languages/snr_french_25_ea_stimulus.pdf,2025
https://www.qcaa.qld.edu.au/about/governance/legislation,QCAA,statutory curriculum authority,verified,sha256:d551b536460434e1648d257d972195fce3a61d966652121be69beec42d28410a,German General senior syllabus (live subject page),Queensland,Languages,CC BY 4.0 (https://creativecommons.org/licenses/by/4.0/),"HTML page; Syllabus section lists 'German 2025 v1.3 (PDF, 552.9 KB)' for implementation with students completing the course in 2026 or beyond; Associated material links (key changes, language elements); Resources: sample assessment instruments (Unit 3 IA1, IA2; Unit 4 IA3), Quality assurance confirmation, subject reports including Endorsement 2026, historical EA past papers 2020-2025; page 'Last updated: 15 June 2026'; footer CC BY 4.0 badge",Queensland Curriculum and Assessment Authority,2026-09-02,Years 11-12,SRC-0144,current,QSUB-0043,https://www.qcaa.qld.edu.au/senior/senior-subjects/syllabuses/languages/german,2025 v1.3 (implementation from 2026)
https://www.qcaa.qld.edu.au/about/governance/legislation,QCAA,statutory curriculum authority,verified,sha256:c577d9bb9e1828d7085801471ec3ba637ac71862a2bdfd5cfefdac904b24af65,German 2025 v1.3 General senior syllabus PDF,Queensland,Languages,CC BY 4.0 (https://creativecommons.org/licenses/by/4.0/),"40-page PDF (PDF, 552.9 KB); title 'German 2025 v1.3: General senior syllabus'; PDF metadata author 'Queensland Curriculum and Assessment Authority'; syllabus objectives pp.3-4 (six objectives); units pp.10-17 (Unit 1 Meine Welt — My world; Unit 2 Unsere Welt erkunden — Exploring our world; Unit 3 Unsere Gesellschaft; Kultur und Identität — Our society; culture and identity; Unit 4 Meine Gegenwart; meine Zukunft — My present; my future); assessment model pp.18-35 (IA1 20%, IA2 25%, IA3 30%, EA 25%); version history p.36 (v1.0 Jan 2024, v1.1 Jul 2024, v1.2 Oct 2024, v1.3 Jan 2026 current)",Queensland Curriculum and Assessment Authority,2026-09-02,Years 11-12,SRC-0145,current,QSUB-0043,https://www.qcaa.qld.edu.au/downloads/senior-qce/syllabuses/snr_german_25_syll.pdf,2025 v1.3
https://www.qcaa.qld.edu.au/about/governance/legislation,QCAA,statutory curriculum authority,verified,sha256:77e05cb83e6246311d70dda267483bf9a12273ffa57dbfa7ff3cb35168b7d6df,Key senior subject changes: For external assessment in 2026,Queensland,Languages,CC BY 4.0 (https://creativecommons.org/licenses/by/4.0/),"17-page PDF; German section records Unit 4 Topic 1 rename to 'The present' and Topic 2 rename to 'Future choices', broadened scope of assessable subject matter, combined stimulus length up to 1000 words (previously 800), and no material effect on external assessment conditions",Queensland Curriculum and Assessment Authority,2026-09-02,Years 11-12,SRC-0146,current,QSUB-0043,https://www.qcaa.qld.edu.au/downloads/senior-qce/common/snr_key_subj_changes_ea_26.pdf,2026
https://www.qcaa.qld.edu.au/about/governance/legislation,QCAA,statutory curriculum authority,verified,sha256:7b52f867c5f780cdb4d697bbafff22f80c7f939d4d63e9f9a2b612a3a7fbced5,Language elements: German 2025,Queensland,Languages,CC BY 4.0 (https://creativecommons.org/licenses/by/4.0/),11-page PDF; 'Language elements' document accompanies German 2025 syllabus v1.3; supports students in learning subject matter,Queensland Curriculum and Assessment Authority,2026-09-02,Years 11-12,SRC-0147,current,QSUB-0043,https://www.qcaa.qld.edu.au/downloads/senior-qce/languages/snr_german_25_syll_lang_elms.pdf,2025
https://www.qcaa.qld.edu.au/about/governance/legislation,QCAA,statutory curriculum authority,verified,sha256:b717eac3a9e6c293c2bb5fadd9f34c4bd0e4b09f3e57b9052dccd1813500b370,Sample assessment instrument: Examination — short response (Unit 3 IA1),Queensland,Languages,CC BY 4.0 (https://creativecommons.org/licenses/by/4.0/),"14-page PDF (PDF, 197.7 KB); 'German 2025 v1.2 - IA1: Sample assessment instrument 2025-2026'; Unit 3 IA1 Examination — short response (20%)",Queensland Curriculum and Assessment Authority,2026-09-02,Years 11-12,SRC-0148,current,QSUB-0043,https://www.qcaa.qld.edu.au/downloads/senior-qce/languages/snr_german_25_unit3_ia1_smple_ass_inst.pdf,2025
https://www.qcaa.qld.edu.au/about/governance/legislation,QCAA,statutory curriculum authority,verified,sha256:6b0b1cfb4755ac2f2aba9aa37fade78ad3f8342a05a3acd8075bc5227250032e,Sample assessment instrument: Examination — extended response (Unit 3 IA2),Queensland,Languages,CC BY 4.0 (https://creativecommons.org/licenses/by/4.0/),"10-page PDF (PDF, 192.7 KB); 'German 2025 v1.2 - IA2: Sample assessment instrument 2025-2026'; Unit 3 IA2 Examination — extended response (25%); marked NEW on the German subject page",Queensland Curriculum and Assessment Authority,2026-09-02,Years 11-12,SRC-0149,current,QSUB-0043,https://www.qcaa.qld.edu.au/downloads/senior-qce/languages/snr_german_25_unit3_ia2_smple_ass_inst.pdf,2025
https://www.qcaa.qld.edu.au/about/governance/legislation,QCAA,statutory curriculum authority,verified,sha256:4dd95bc2bf94c2febae60263edbeb2c6139e954675cc5644fc8bda7ea9933239,Sample assessment instrument: Assignment — extended response (Unit 4 IA3),Queensland,Languages,CC BY 4.0 (https://creativecommons.org/licenses/by/4.0/),"11-page PDF (PDF, 198.1 KB); 'German 2025 v1.2 - IA3: Sample assessment instrument December 2025'; Unit 4 IA3 multimodal presentation and interview (30%)",Queensland Curriculum and Assessment Authority,2026-09-02,Years 11-12,SRC-0150,current,QSUB-0043,https://www.qcaa.qld.edu.au/downloads/senior-qce/languages/snr_german_25_unit4_ia3_smple_ass_inst.pdf,2025
https://www.qcaa.qld.edu.au/about/governance/legislation,QCAA,statutory curriculum authority,verified,sha256:f75762215792d93465918d1e83295779a321ffd325c00367f9bbe5761c8858ec,Quality assurance: Confirmation submission information,Queensland,Languages,CC BY 4.0 (https://creativecommons.org/licenses/by/4.0/),"79-page PDF (PDF, 904.6 KB); 'Confirmation submission information', May 2026; school quality-assurance resource for internal assessment confirmation",Queensland Curriculum and Assessment Authority,2026-09-02,Years 11-12,SRC-0151,current,QSUB-0043,https://www.qcaa.qld.edu.au/downloads/senior-qce/common/snr_qa_confirm_submission_info.pdf,2026
https://www.qcaa.qld.edu.au/about/governance/legislation,QCAA,statutory curriculum authority,verified,sha256:d8b33facf8801eb3ca0ad390d0fd45249f6c58114a0429ef1f7f7c80f43cd953,Subject report: Endorsement 2026,Queensland,Languages,CC BY 4.0 (https://creativecommons.org/licenses/by/4.0/),"5-page PDF (PDF, 179.6 KB); 'Subject report: Endorsement — German 2026 cohort'; identifies strengths and opportunities for development/submission of internal assessment instruments for German (General subject)",Queensland Curriculum and Assessment Authority,2026-09-02,Years 11-12,SRC-0152,current,QSUB-0043,https://www.qcaa.qld.edu.au/downloads/senior-qce/languages/snr_german_26_subj_rpt_endorse.pdf,2026
https://www.qcaa.qld.edu.au/about/governance/legislation,QCAA,statutory curriculum authority,verified,sha256:2b29b8e278a46d123f12fb0686f18e8f570972bfd8fb88fe9c5e6c7dcafcc1c4,German Extension General senior syllabus 2026 v1.3 (HTML page),Queensland,Languages,CC BY 4.0 (https://creativecommons.org/licenses/by/4.0/),HTML page / syllabus navigation section,Queensland Curriculum and Assessment Authority,2026-09-02,Years 11-12,SRC-0153,,QSUB-0044,https://www.qcaa.qld.edu.au/senior/senior-subjects/syllabuses/languages/german-extension,2026 v1.3
https://www.qcaa.qld.edu.au/about/governance/legislation,QCAA,statutory curriculum authority,verified,sha256:0f7f2a4622f02a457149d329785161ae8faf361e1ae22c136ad764ce39c2ac1f,German Extension 2026 v1.3 General (Extension) senior syllabus PDF,Queensland,Languages,CC BY 4.0 (https://creativecommons.org/licenses/by/4.0/),"PDF (539.5 KB), 34 pages",Queensland Curriculum and Assessment Authority,2026-09-02,Years 11-12,SRC-0154,,QSUB-0044,https://www.qcaa.qld.edu.au/downloads/senior-qce/syllabuses/snr_german_ext_26_syll.pdf,2026 v1.3
https://www.qcaa.qld.edu.au/about/governance/legislation,QCAA,statutory curriculum authority,verified,sha256:3ea065d648c1c1e9eacbd47666cdfa08b60d8b32e2b450a8923672dc0516b6ad,Subject report: Endorsement 2026,Queensland,Languages,CC BY 4.0 (https://creativecommons.org/licenses/by/4.0/),"PDF (168.9 KB), 4 pages",Queensland Curriculum and Assessment Authority,2026-09-02,Years 11-12,SRC-0155,,QSUB-0044,https://www.qcaa.qld.edu.au/downloads/senior-qce/languages/snr_german_ext_26_subj_rpt_endorse.pdf,2026
https://www.qcaa.qld.edu.au/about/governance/legislation,QCAA,statutory curriculum authority,verified,sha256:92da3671a301ac7e9ca16496ef1650cbc8bd3ae411b4d76e1e331a1618d3b2d2,Furnishing Skills Applied senior syllabus,Queensland,Furnishing Skills,CC BY 4.0 (https://creativecommons.org/licenses/by/4.0/),HTML: #content; Syllabus; Resources > Sample assessment instruments; last updated 13 September 2024,Queensland Curriculum and Assessment Authority,2026-09-02,Years 11-12,SRC-0156,,QSUB-0040,https://www.qcaa.qld.edu.au/senior/senior-subjects/syllabuses/technologies/furnishing-skills,Furnishing Skills 2024 v1.3
https://www.qcaa.qld.edu.au/about/governance/legislation,QCAA,statutory curriculum authority,verified,sha256:13b13fccf1c433d8c588bf86e8fc63777e0bcbce112bf1e13061137438c21999,Furnishing Skills 2024 v1.3 Applied senior syllabus,Queensland,Furnishing Skills,CC BY 4.0 (https://creativecommons.org/licenses/by/4.0/),PDF: cover; p. 3 (syllabus objectives); pp. 4-7 (course structure and assessment); pp. 10-40 (unit options A-F); pp. 41-82 (Assessment A1-F2); p. 83 (version history),Queensland Curriculum and Assessment Authority,2026-09-02,Years 11-12,SRC-0157,,QSUB-0040,https://www.qcaa.qld.edu.au/downloads/senior-qce/syllabuses/snr_furnishing_24_app_syll.pdf,Furnishing Skills 2024 v1.3
https://www.qcaa.qld.edu.au/about/governance/legislation,QCAA,statutory curriculum authority,verified,sha256:e57f73fa091449317d2ea741fc689630f704d31a0626a0d7d6c059f82539e3c4,General Mathematics General senior syllabus,Queensland,Mathematics,CC BY 4.0 (https://creativecommons.org/licenses/by/4.0/),HTML: #content; Syllabus (General Mathematics 2025 v1.3); Resources > Past papers (2020-2025); Resources > Quality assurance; Resources > Sample assessment instruments,Queensland Curriculum and Assessment Authority,2026-09-02,Years 11-12,SRC-0158,,QSUB-0041,https://www.qcaa.qld.edu.au/senior/senior-subjects/syllabuses/mathematics/general-mathematics,General Mathematics 2025 v1.3
https://www.qcaa.qld.edu.au/about/governance/legislation,QCAA,statutory curriculum authority,verified,sha256:2725b3696705fc257209ff3dc5059623bf1eab44d19f4e5fb5519c711c917bd5,General Mathematics 2025 v1.3 General senior syllabus,Queensland,Mathematics,CC BY 4.0 (https://creativecommons.org/licenses/by/4.0/),"PDF: cover; p. 3 (syllabus objectives); pp. 14, 18, 22, 26 (units); pp. 31, 35, 39, 43 (assessment)",Queensland Curriculum and Assessment Authority,2026-09-02,Years 11-12,SRC-0159,,QSUB-0041,https://www.qcaa.qld.edu.au/downloads/senior-qce/syllabuses/snr_maths_general_25_syll.pdf,General Mathematics 2025 v1.3
https://www.qcaa.qld.edu.au/about/governance/legislation,QCAA,statutory curriculum authority,verified,sha256:e8ab67151fd8471be2cb33a571640326c52f6046c65c3b1a3bcf96d28d054210,Geography General senior syllabus 2025 (v1.3),Queensland,Geography,Creative Commons Attribution 4.0 International (CC BY 4.0),"Full PDF; 51 pages; page 1 cover (Geography 2025 v1.3 General senior syllabus, January 2026); page 3 syllabus objectives; units 1-4; assessment model",Queensland Curriculum and Assessment Authority,2026-09-02,Years 11-12,SRC-0160,,QSUB-0042,https://www.qcaa.qld.edu.au/downloads/senior-qce/syllabuses/snr_geography_25_syll.pdf,2025 v1.3 (implementation from 2026)
https://www.qcaa.qld.edu.au/about/governance/legislation,QCAA,statutory curriculum authority,verified,sha256:99e741898d8f80dc755477142b577a8a5463049364a6d5ab93242b3729586299,Geography General senior syllabus 2025 v1.3 (live subject page),Queensland,Geography,Creative Commons Attribution 4.0 International (CC BY 4.0),"HTML landing page; page title 'Geography General senior syllabus'; Syllabus section lists Geography General senior syllabus 2025 v1.3; resources for past papers, sample assessment instruments, subject reports; last updated 14 July 2026",Queensland Curriculum and Assessment Authority,2026-09-02,Years 11-12,SRC-0161,,QSUB-0042,https://www.qcaa.qld.edu.au/senior/senior-subjects/syllabuses/humanities-social-sciences/geography,2025 v1.3
https://www.qcaa.qld.edu.au/about/governance/legislation,QCAA,statutory curriculum authority,verified,sha256:5d9bffe5af194f21096b410fd5d361d2e3e4ab1c2de2592110c472eb91567bbc,Key senior subject changes: For external assessment in 2026,Queensland,Geography,Creative Commons Attribution 4.0 International (CC BY 4.0),Full PDF; 17 pages; lists Geography among subjects with external assessment in 2026 (Geography stimulus materials may now be presented across multiple pages),Queensland Curriculum and Assessment Authority,2026-09-02,Years 11-12,SRC-0162,,QSUB-0042,https://www.qcaa.qld.edu.au/downloads/senior-qce/common/snr_key_subj_changes_ea_26.pdf,2026
https://www.qcaa.qld.edu.au/about/governance/legislation,QCAA,statutory curriculum authority,verified,sha256:da6301d4b5761c49e51aff61928c6b70fdfaf34d70896e1aecbdd1889c596528,Industrial Graphics Skills Applied senior syllabus,Queensland,Technologies,CC BY 4.0 (https://creativecommons.org/licenses/by/4.0/),HTML: #content; Syllabus; Resources > Sample assessment instruments; last updated 13 September 2024,Queensland Curriculum and Assessment Authority,2026-09-02,Years 11-12,SRC-0163,,QSUB-0047,https://www.qcaa.qld.edu.au/senior/senior-subjects/syllabuses/technologies/industrial-graphics-skills,Industrial Graphics Skills 2024 v1.2
https://www.qcaa.qld.edu.au/about/governance/legislation,QCAA,statutory curriculum authority,verified,sha256:ef0475a58e5d7413dec28f4173b6e622db71263f2f2bf12d05a9a25c7b6e2663,Industrial Graphics Skills 2024 v1.2 Applied senior syllabus PDF,Queensland,Technologies,CC BY 4.0 (https://creativecommons.org/licenses/by/4.0/),"PDF: cover; pp. 2-3 (rationale, syllabus objectives); pp. 4-9 (designing a course of study, reporting); pp. 10-38 (unit options A-F); pp. 39-81 (assessment A1-F2 specifications and instrument-specific standards); p. 82 (glossary, references, version history)",Queensland Curriculum and Assessment Authority,2026-09-02,Years 11-12,SRC-0164,,QSUB-0047,https://www.qcaa.qld.edu.au/downloads/senior-qce/syllabuses/snr_ind_graphics_24_app_syll.pdf,Industrial Graphics Skills 2024 v1.2 (January 2026)
https://www.qcaa.qld.edu.au/about/governance/legislation,QCAA,statutory curriculum authority,verified,sha256:79c8859e3701d97efa6216226cda0972795e71fb3678d21cc2f8651fa38ede04,Industrial Graphics Skills 2024 Sample assessment instrument: A1 — Practical demonstration,Queensland,Technologies,CC BY 4.0 (https://creativecommons.org/licenses/by/4.0/),PDF: cover; task; stimulus specifications; conditions; response requirements; instrument-specific standards,Queensland Curriculum and Assessment Authority,2026-09-02,Years 11-12,SRC-0165,,QSUB-0047,https://www.qcaa.qld.edu.au/downloads/senior-qce/technologies/snr_ind_graphics_24_app_sample_ass_inst_a1_prac_demo.pdf,Industrial Graphics Skills 2024
https://www.qcaa.qld.edu.au/about/governance/legislation,QCAA,statutory curriculum authority,verified,sha256:690521e83129469940cdefb9c64239d8d403a49c354560aac8d74765b5e80f3b,Industrial Graphics Skills 2024 Sample assessment instrument: A2 — Project,Queensland,Technologies,CC BY 4.0 (https://creativecommons.org/licenses/by/4.0/),PDF: cover; task; stimulus specifications; conditions; response requirements; instrument-specific standards,Queensland Curriculum and Assessment Authority,2026-09-02,Years 11-12,SRC-0166,,QSUB-0047,https://www.qcaa.qld.edu.au/downloads/senior-qce/technologies/snr_ind_graphics_24_app_sample_ass_inst_a2_project.pdf,Industrial Graphics Skills 2024
https://www.qcaa.qld.edu.au/about/governance/legislation,QCAA,statutory curriculum authority,verified,sha256:6b2242fa64349e6be5d97cce06a3bef76c4a166b83bfa4add9ac0a9171b4354c,Information & Communication Technology Applied senior syllabus,Queensland,Technologies,Creative Commons Attribution 4.0 International (CC BY 4.0),"HTML page; #content; Syllabus section lists Information & Communication Technology Applied senior syllabus 2024 with the v1.3 PDF link; Resources > Sample assessment instruments (B1 Product proposal, B2 Project); dcterms.creator and dcterms.publisher identify Queensland Curriculum and Assessment Authority; dcterms.license https://creativecommons.org/licenses/by/4.0/; last updated 13 September 2024",Queensland Curriculum and Assessment Authority,2026-09-02,Years 11-12,SRC-0167,,QSUB-0049,https://www.qcaa.qld.edu.au/senior/senior-subjects/syllabuses/technologies/information-communication-technology-skills,2024 v1.3 (for implementation with students completing the course in 2025 or beyond; page issued 13 September 2024)
https://www.qcaa.qld.edu.au/about/governance/legislation,QCAA,statutory curriculum authority,verified,sha256:749353c67d26fd08d96227f134c52b1235682e2ac7cedf4dcfb04986cd7d054a,Information & Communication Technology 2024 v1.3 Applied senior syllabus (PDF),Queensland,Technologies,Creative Commons Attribution 4.0 International (CC BY 4.0),"PDF printed pp. 1-76; cover (January 2026); licence and copyright p. 2; syllabus objectives p. 3; course structure pp. 4-7; unit options pp. 10-33 (A Robotics, B App development, C Audio and video production, D Layout and publishing, E Digital imaging and modelling, F Web development); assessment pp. 34-75 (each option X1 Product proposal, X2 Project); glossary, references and version history p. 76",Queensland Curriculum and Assessment Authority,2026-09-02,Years 11-12,SRC-0168,,QSUB-0049,https://www.qcaa.qld.edu.au/downloads/senior-qce/syllabuses/snr_ict_24_app_syll.pdf,2024 v1.3
https://www.qcaa.qld.edu.au/about/governance/legislation,QCAA,statutory curriculum authority,verified,sha256:7eb5adba95e28dc077119d96a5530f3c411a2a003d8b3964fa68be53177f0257,Sample assessment instrument: B1 - Product proposal (Option B),Queensland,Technologies,Creative Commons Attribution 4.0 International (CC BY 4.0),PDF (7 pages); PDF metadata title 'Information and Communication Technology 2024 v1.1: Sample assessment instrument - B1: Product proposal'; author Queensland Curriculum and Assessment Authority; licence and copyright notice on final page; listed under the current syllabus page Resources > Sample assessment instruments,Queensland Curriculum and Assessment Authority,2026-09-02,Years 11-12,SRC-0169,,QSUB-0049,https://www.qcaa.qld.edu.au/downloads/senior-qce/technologies/snr_ict_24_app_smple_ass_inst_product_proposal_b1.pdf,2024
https://www.qcaa.qld.edu.au/about/governance/legislation,QCAA,statutory curriculum authority,verified,sha256:7cfc007e00b29c80e435d7c0fbe0083203153938fa8eba23d50949a9bfbb2a57,Sample assessment instrument: B2 - Project (Option B),Queensland,Technologies,Creative Commons Attribution 4.0 International (CC BY 4.0),PDF (8 pages); PDF metadata title 'Information and Communication Technology 2024 v1.1: Sample assessment instrument - B2: Project'; author Queensland Curriculum and Assessment Authority; licence and copyright notice on final page; listed under the current syllabus page Resources > Sample assessment instruments,Queensland Curriculum and Assessment Authority,2026-09-02,Years 11-12,SRC-0170,,QSUB-0049,https://www.qcaa.qld.edu.au/downloads/senior-qce/technologies/snr_ict_24_app_smple_ass_inst_project_b2.pdf,2024
https://www.qcaa.qld.edu.au/about/governance/legislation,QCAA,statutory curriculum authority,verified,sha256:7bec361244a144aee93806c0daaebb15d718655a0a0372a4181c7faebea21f5c,Mathematical Methods General senior syllabus,Queensland,Mathematics,CC BY 4.0 (https://creativecommons.org/licenses/by/4.0/),HTML: #content; Syllabus (Mathematical Methods 2025 v1.3); Resources > Past papers (2020-2025); Resources > Quality assurance; Resources > Sample assessment instruments; Resources > Sample marking schemes; Resources > Subject reports,Queensland Curriculum and Assessment Authority,2026-09-02,Years 11-12,SRC-0171,,QSUB-0056,https://www.qcaa.qld.edu.au/senior/senior-subjects/syllabuses/mathematics/mathematics-methods,Mathematical Methods 2025 v1.3
https://www.qcaa.qld.edu.au/about/governance/legislation,QCAA,statutory curriculum authority,verified,sha256:1d6f4fcbc4b4dd977b480e2c928abc1a39747350afbb4cd2cb57a82073d83807,Mathematical Methods 2025 v1.3 General senior syllabus,Queensland,Mathematics,CC BY 4.0 (https://creativecommons.org/licenses/by/4.0/),"PDF: cover; p. 3 (syllabus objectives); pp. 15, 19, 23, 27 (units); pp. 31, 35, 39, 43 (assessment); p. 48 (version history)",Queensland Curriculum and Assessment Authority,2026-09-02,Years 11-12,SRC-0172,,QSUB-0056,https://www.qcaa.qld.edu.au/downloads/senior-qce/syllabuses/snr_maths_methods_25_syll.pdf,Mathematical Methods 2025 v1.3
https://www.qcaa.qld.edu.au/about/governance/legislation,QCAA,statutory curriculum authority,verified,sha256:35d1d32beca5acd94b21b7cd74c58642b3af805d863e66c1e4bfa1319f85998d,Media Arts in Practice Applied senior syllabus HTML page,Queensland,Media Arts in Practice,CC BY 4.0 (https://creativecommons.org/licenses/by/4.0/),HTML: #content; Syllabus; Resources > Sample assessment instruments; dcterms.creator and dcterms.publisher; last updated 13 September 2024,Queensland Curriculum and Assessment Authority,2026-08-30,Years 11-12,SRC-0173,,QSUB-0057,https://www.qcaa.qld.edu.au/senior/senior-subjects/syllabuses/the-arts/media-arts-in-practice,2024 (last updated 13 September 2024)
https://www.qcaa.qld.edu.au/about/governance/legislation,QCAA,statutory curriculum authority,verified,sha256:a443ecebda1982a0373ab78196fbba558a0269d910dc05af1f25fbb971b8e156,Media Arts in Practice 2024 v1.2 Applied senior syllabus (PDF),Queensland,Media Arts in Practice,CC BY 4.0 (https://creativecommons.org/licenses/by/4.0/),"PDF: cover; pp. 3-4 (syllabus objectives); pp. 15, 18, 21, 24 (unit options A-D); pp. 27, 30, 32, 35, 37, 40, 42, 45 (assessments A1-D2); p. 47 (version history)",Queensland Curriculum and Assessment Authority,2026-08-30,Years 11-12,SRC-0174,,QSUB-0057,https://www.qcaa.qld.edu.au/downloads/senior-qce/syllabuses/snr_media_art_prac_24_app_syll.pdf,2024 v1.2 (version history: 1.0 January 2023; 1.1 August 2023; 1.2 January 2026)
https://www.qcaa.qld.edu.au/about/governance/legislation,QCAA,statutory curriculum authority,verified,sha256:cac6a18fb50bfbecce7a7414ea9be2684e55ea3e76ee28356ac63b901e2d94ee,Sample assessment instrument: Project (Unit 3),Queensland,Media Arts in Practice,CC BY 4.0 (https://creativecommons.org/licenses/by/4.0/),PDF (101.6 KB); listed under Resources > Sample assessment instruments on the current syllabus page,Queensland Curriculum and Assessment Authority,2026-08-30,Years 11-12,SRC-0175,,QSUB-0057,https://www.qcaa.qld.edu.au/downloads/senior-qce/arts/snr_media_art_prac_19_app_smple_ass_inst_project.pdf,2019 v1.0
https://www.qcaa.qld.edu.au/about/governance/legislation,QCAA,statutory curriculum authority,verified,sha256:9637e4ca17006a80f300813f9890121c25e2d15c54c402a6c820e99d7195e1b1,Sample assessment instrument: Product — Careers (Unit 4),Queensland,Media Arts in Practice,CC BY 4.0 (https://creativecommons.org/licenses/by/4.0/),PDF (210.7 KB); listed under Resources > Sample assessment instruments on the current syllabus page,Queensland Curriculum and Assessment Authority,2026-08-30,Years 11-12,SRC-0176,,QSUB-0057,https://www.qcaa.qld.edu.au/downloads/senior-qce/arts/snr_media_art_prac_19_app_smple_ass_inst_product.pdf,2019 v1.0
https://www.qcaa.qld.edu.au/about/governance/legislation,QCAA,statutory curriculum authority,verified,sha256:9d9233fed5267c6431e50fb5069d79ef316ab93c9b1daad5f3bab93b1d84439a,Philosophy & Reason General senior syllabus 2025 v1.3 (HTML page),Queensland,Humanities and Social Sciences,CC BY 4.0 (https://creativecommons.org/licenses/by/4.0/),HTML page / syllabus section (rendered markdown representation),Queensland Curriculum and Assessment Authority,2026-09-02,Years 11-12,SRC-0177,current,QSUB-0065,https://www.qcaa.qld.edu.au/senior/senior-subjects/syllabuses/humanities-social-sciences/philosophy-reason,2025 v1.3
https://www.qcaa.qld.edu.au/about/governance/legislation,QCAA,statutory curriculum authority,verified,sha256:68329caedc5a992ab88f124aedf98aeddf93cf92797ab1ded2ee92c7fa1bfd10,Philosophy & Reason 2025 v1.3 General senior syllabus PDF,Queensland,Humanities and Social Sciences,CC BY 4.0 (https://creativecommons.org/licenses/by/4.0/),PDF (700.1 KB) 45 pages; rendered text representation,Queensland Curriculum and Assessment Authority,2026-09-02,Years 11-12,SRC-0178,current,QSUB-0065,https://www.qcaa.qld.edu.au/downloads/senior-qce/syllabuses/snr_philosophy_reason_25_syll.pdf,2025 v1.3
https://www.qcaa.qld.edu.au/about/governance/legislation,QCAA,statutory curriculum authority,verified,sha256:a02e4c64f8d5cc3766c6659479a8165fed8f910ff5e918e8338b0c5cc41b050a,Key senior subject changes: For external assessment in 2026,Queensland,Humanities and Social Sciences,CC BY 4.0 (https://creativecommons.org/licenses/by/4.0/),PDF (295.1 KB) 17 pages; rendered text representation,Queensland Curriculum and Assessment Authority,2026-09-02,Years 11-12,SRC-0179,current,QSUB-0065,https://www.qcaa.qld.edu.au/downloads/senior-qce/common/snr_key_subj_changes_ea_26.pdf,2026
https://www.qcaa.qld.edu.au/about/governance/legislation,QCAA,statutory curriculum authority,verified,sha256:5494998b5be19fe1240d91efa6e3a760baed1fcafafccb846c0b31d54b9f03e0,Sample assessment instrument: Examination — extended response (Unit 3 IA1),Queensland,Humanities and Social Sciences,CC BY 4.0 (https://creativecommons.org/licenses/by/4.0/),PDF (160.8 KB) 7 pages; rendered text representation,Queensland Curriculum and Assessment Authority,2026-09-02,Years 11-12,SRC-0180,current,QSUB-0065,https://www.qcaa.qld.edu.au/downloads/senior-qce/hass/snr_philosophy_reason_25_unit3_ia1_smple_ass_inst.pdf,2025
https://www.qcaa.qld.edu.au/about/governance/legislation,QCAA,statutory curriculum authority,verified,sha256:bea67362d1cb78545dd98ac3558b71087a90e1f9f98ecc4799c4a5c4da3c929e,Sample assessment instrument: Analytical essay (Unit 3 IA2),Queensland,Humanities and Social Sciences,CC BY 4.0 (https://creativecommons.org/licenses/by/4.0/),PDF (519.9 KB); rendered text representation,Queensland Curriculum and Assessment Authority,2026-09-02,Years 11-12,SRC-0181,current,QSUB-0065,https://www.qcaa.qld.edu.au/downloads/senior-qce/hass/snr_philosophy_reason_25_unit3_ia2_smple_ass_inst.pdf,2025
https://www.qcaa.qld.edu.au/about/governance/legislation,QCAA,statutory curriculum authority,verified,sha256:3feb3a7f26ed94da1a99e4c40ed92a0a6df0696b7087e64edcca0052801bce05,Sample assessment instrument: Analytical essay (Unit 4 IA3),Queensland,Humanities and Social Sciences,CC BY 4.0 (https://creativecommons.org/licenses/by/4.0/),PDF (228.4 KB); rendered text representation,Queensland Curriculum and Assessment Authority,2026-09-02,Years 11-12,SRC-0182,current,QSUB-0065,https://www.qcaa.qld.edu.au/downloads/senior-qce/hass/snr_philosophy_reason_25_unit4_ia3_smple_ass_inst.pdf,2025
https://www.qcaa.qld.edu.au/about/governance/legislation,QCAA,statutory curriculum authority,verified,sha256:f0daf6f49c61ee7c8427a66385126e6609b2e5908dd6dbe6b9391718ec4ab74d,Subject report: Philosophy & Reason 2025 cohort,Queensland,Humanities and Social Sciences,CC BY 4.0 (https://creativecommons.org/licenses/by/4.0/),PDF (3.3 MB); rendered text representation,Queensland Curriculum and Assessment Authority,2026-09-02,Years 11-12,SRC-0183,current,QSUB-0065,https://www.qcaa.qld.edu.au/downloads/senior-qce/hass/snr_philosophy_reason_25_subj_rpt.pdf,2025
https://www.qcaa.qld.edu.au/about/governance/legislation,QCAA,statutory curriculum authority,verified,sha256:6739d93e15f43832ece34e15e417bc303105c75afd990b21183fb00677ae4d5f,Subject report: Endorsement — Philosophy & Reason 2026 cohort,Queensland,Humanities and Social Sciences,CC BY 4.0 (https://creativecommons.org/licenses/by/4.0/),PDF (181.1 KB) 5 pages; rendered text representation,Queensland Curriculum and Assessment Authority,2026-09-02,Years 11-12,SRC-0184,current,QSUB-0065,https://www.qcaa.qld.edu.au/downloads/senior-qce/hass/snr_philosophy_reason_26_subj_rpt_endorse.pdf,2026
https://www.qcaa.qld.edu.au/about/governance/legislation,QCAA,statutory curriculum authority,verified,sha256:4c7a0d42947ab1a2604a7f80f76cd7eee4c99d5c8cf64967a84036d80fa63c31,Past paper: Marking guide 2025 (external assessment),Queensland,Humanities and Social Sciences,CC BY 4.0 (https://creativecommons.org/licenses/by/4.0/),PDF (244.3 KB); rendered text representation,Queensland Curriculum and Assessment Authority,2026-09-02,Years 11-12,SRC-0185,historical,QSUB-0065,https://www.qcaa.qld.edu.au/downloads/senior-qce/hass/snr_philosophy_reason_25_ea_mark_guide_pub.pdf,2025
https://www.qcaa.qld.edu.au/about/governance/legislation,QCAA,statutory curriculum authority,verified,sha256:9301b5074378b4781a8c21cb110d89ea65eaaa3151433f56f284eb6d39e7767e,Past paper: Question and response book 2025 (external assessment),Queensland,Humanities and Social Sciences,CC BY 4.0 (https://creativecommons.org/licenses/by/4.0/),PDF (647.9 KB) 16 pages; rendered text representation,Queensland Curriculum and Assessment Authority,2026-09-02,Years 11-12,SRC-0186,historical,QSUB-0065,https://www.qcaa.qld.edu.au/downloads/senior-qce/hass/snr_philosophy_reason_25_ea_question_response.pdf,2025
https://www.qcaa.qld.edu.au/about/governance/legislation,QCAA,statutory curriculum authority,verified,sha256:886d11c3b31b87d6e3edd80a54381dbecac5f2e3916c0b34a4cb3838a5957bcb,Past paper: Stimulus book 2025 (external assessment),Queensland,Humanities and Social Sciences,CC BY 4.0 (https://creativecommons.org/licenses/by/4.0/),PDF (346.6 KB) 4 pages; rendered text representation,Queensland Curriculum and Assessment Authority,2026-09-02,Years 11-12,SRC-0187,historical,QSUB-0065,https://www.qcaa.qld.edu.au/downloads/senior-qce/hass/snr_philosophy_reason_25_ea_stimulus.pdf,2025
https://www.qcaa.qld.edu.au/about/governance/legislation,QCAA,statutory curriculum authority,verified,sha256:af63fc5f5319480a4d65ad724a7773cf1259a0f7dcca14fd4943e37b30c67c08,Numeracy Short Course syllabus 2025 (live subject page),Queensland,Mathematics,CC BY 4.0 (https://creativecommons.org/licenses/by/4.0/),"HTML page; breadcrumb Senior subjects > Syllabuses > Mathematics > Numeracy; Syllabus section lists 'Numeracy Short Course syllabus 2025' and 'Numeracy Short Course 2025 v1.2 (PDF, 584.1 KB)'; Resources section lists sample assessment instruments and marking schemes; Last updated 1 June 2026",Queensland Curriculum and Assessment Authority,2026-09-03,Years 11-12,SRC-0188,,QSUB-0064,https://www.qcaa.qld.edu.au/senior/senior-subjects/syllabuses/mathematics/numeracy,2025 v1.2
https://www.qcaa.qld.edu.au/about/governance/legislation,QCAA,statutory curriculum authority,verified,sha256:867fc728a28feb66c5900cc3ae0a2f5e93911d92a7f144852e68e461cc99c7a3,Numeracy Short Course 2025 v1.2 senior syllabus PDF,Queensland,Mathematics,CC BY 4.0 (https://creativecommons.org/licenses/by/4.0/),"PDF; cover page confirms 'Numeracy 2025 v1.2 Short Course senior syllabus | January 2026'; 29 pages; objectives, topics 1-2, internal assessment options A-D and version history verified in rendered text",Queensland Curriculum and Assessment Authority,2026-09-03,Years 11-12,SRC-0189,,QSUB-0064,https://www.qcaa.qld.edu.au/downloads/senior-qce/syllabuses/snr_numeracy_25_app_syll.pdf,2025 v1.2
https://www.qcaa.qld.edu.au/about/governance/legislation,QCAA,statutory curriculum authority,verified,sha256:e730214b861e0f6816ec0084acc7a7c1cb49c54dbfe2337350115a6253b791b3,Formula book: Numeracy Short Course 2025,Queensland,Mathematics,CC BY 4.0 (https://creativecommons.org/licenses/by/4.0/),"PDF; associated material linked from the Numeracy subject page 'Formula book: Numeracy Short Course 2025' (PDF, 368.5 KB)",Queensland Curriculum and Assessment Authority,2026-09-03,Years 11-12,SRC-0190,,QSUB-0064,https://www.qcaa.qld.edu.au/downloads/senior-qce/mathematics/snr_numeracy_25_formula_book.pdf,2025
https://www.qcaa.qld.edu.au/about/governance/legislation,QCAA,statutory curriculum authority,verified,sha256:02b9308e61dd9e2001db15375450c6ff8e2e321e37a55d82049372a6aebb14f8,Marine Science General senior syllabus 2025 (official subject page),Queensland,Marine Science,CC BY 4.0 (https://creativecommons.org/licenses/by/4.0/),"Full-source locator: HTML syllabus section (current syllabus, associated material, resources)",Queensland Curriculum and Assessment Authority,2026-09-02,Years 11-12,SRC-0191,,QSUB-0055,https://www.qcaa.qld.edu.au/senior/senior-subjects/syllabuses/sciences/marine-science,2025 v1.3 (implementation from 2026); last updated 13 April 2026
https://www.qcaa.qld.edu.au/about/governance/legislation,QCAA,statutory curriculum authority,verified,sha256:d02da55c4f2a3e2ebd1f76b44ecd20cd82b9c9f8d9a67d41da46518935303dad,Marine Science 2025 v1.3 General senior syllabus,Queensland,Marine Science,CC BY 4.0 (https://creativecommons.org/licenses/by/4.0/),"Full-source locator: PDF pages 1-52; objectives p. 4; course structure pp. 5-7; units pp. 19, 23, 27, 33; assessment pp. 38, 41, 45, 49; version history p. 52",Queensland Curriculum and Assessment Authority,2026-09-02,Years 11-12,SRC-0192,,QSUB-0055,https://www.qcaa.qld.edu.au/downloads/senior-qce/syllabuses/snr_marine_science_25_syll.pdf,2025 v1.3 (January 2026)
https://www.qcaa.qld.edu.au/about/governance/legislation,QCAA,statutory curriculum authority,verified,sha256:b1355e5512353d3842fd9365eca504bfe6b2ff294f8641186ffc94f21ab51423,Japanese General senior syllabus (HTML page),Queensland,Languages,CC BY 4.0 (https://creativecommons.org/licenses/by/4.0/),HTML page / syllabus navigation section,Queensland Curriculum and Assessment Authority,2026-09-02,Years 11-12,SRC-0193,,QSUB-0051,https://www.qcaa.qld.edu.au/senior/senior-subjects/syllabuses/languages/japanese,2025 v1.3
https://www.qcaa.qld.edu.au/about/governance/legislation,QCAA,statutory curriculum authority,verified,sha256:f2825650900190bf926addf3e27eb32e6a19292a8c30a8aa7df82a830e4d74ef,Japanese 2025 v1.3 General senior syllabus PDF,Queensland,Languages,CC BY 4.0 (https://creativecommons.org/licenses/by/4.0/),"PDF, 905.3 KB",Queensland Curriculum and Assessment Authority,2026-09-02,Years 11-12,SRC-0194,,QSUB-0051,https://www.qcaa.qld.edu.au/downloads/senior-qce/syllabuses/snr_japanese_25_syll.pdf,2025 v1.3
https://www.qcaa.qld.edu.au/about/governance/legislation,QCAA,statutory curriculum authority,verified,sha256:a02e4c64f8d5cc3766c6659479a8165fed8f910ff5e918e8338b0c5cc41b050a,Key senior subject changes: For external assessment in 2026,Queensland,Languages,CC BY 4.0 (https://creativecommons.org/licenses/by/4.0/),"PDF, 295.1 KB",Queensland Curriculum and Assessment Authority,2026-09-02,Years 11-12,SRC-0195,,QSUB-0051,https://www.qcaa.qld.edu.au/downloads/senior-qce/common/snr_key_subj_changes_ea_26.pdf,2026
https://www.qcaa.qld.edu.au/about/governance/legislation,QCAA,statutory curriculum authority,verified,sha256:9d340cc7de9e760a4eff62a35b0e162a153b972bcabfb3e6ef8c863927e65839,Language elements: Japanese 2025,Queensland,Languages,CC BY 4.0 (https://creativecommons.org/licenses/by/4.0/),"PDF, 642.0 KB",Queensland Curriculum and Assessment Authority,2026-09-02,Years 11-12,SRC-0196,,QSUB-0051,https://www.qcaa.qld.edu.au/downloads/senior-qce/languages/snr_japanese_25_syll_lang_elms.pdf,2025
https://www.qcaa.qld.edu.au/about/governance/legislation,QCAA,statutory curriculum authority,verified,sha256:27c6f312a8df09351063b9e8e177d7d32cf6c499432c4d426da2e2f5d7d43299,Sample assessment instrument: Examination — short response (Unit 3 IA1),Queensland,Languages,CC BY 4.0 (https://creativecommons.org/licenses/by/4.0/),"PDF, 673.3 KB",Queensland Curriculum and Assessment Authority,2026-09-02,Years 11-12,SRC-0197,,QSUB-0051,https://www.qcaa.qld.edu.au/downloads/senior-qce/languages/snr_japanese_25_unit3_ia1_smple_ass_inst.pdf,2025
https://www.qcaa.qld.edu.au/about/governance/legislation,QCAA,statutory curriculum authority,verified,sha256:0ccff146e333922bf1fd7916ebf3ce34c7851ca017ccbf1dfd6e2e39f7ce09bf,Sample assessment instrument: Examination — extended response (Unit 3 IA2),Queensland,Languages,CC BY 4.0 (https://creativecommons.org/licenses/by/4.0/),"PDF, 490.6 KB",Queensland Curriculum and Assessment Authority,2026-09-02,Years 11-12,SRC-0198,,QSUB-0051,https://www.qcaa.qld.edu.au/downloads/senior-qce/languages/snr_japanese_25_unit3_ia2_smple_ass_inst.pdf,2025
https://www.qcaa.qld.edu.au/about/governance/legislation,QCAA,statutory curriculum authority,verified,sha256:4219e83beb009bd36b7b5b6d4f80867deb6e5103484572151e9476fe97eb6273,Sample assessment instrument: Multimodal presentation and interview (Unit 4 IA3),Queensland,Languages,CC BY 4.0 (https://creativecommons.org/licenses/by/4.0/),"PDF, 623.0 KB",Queensland Curriculum and Assessment Authority,2026-09-02,Years 11-12,SRC-0199,,QSUB-0051,https://www.qcaa.qld.edu.au/downloads/senior-qce/languages/snr_japanese_25_unit4_ia3_smple_ass_inst.pdf,2025
https://www.qcaa.qld.edu.au/about/governance/legislation,QCAA,statutory curriculum authority,verified,sha256:09b1a1d99fb577f54fd50f3a73dedbea0ce58704ff8fa76349f060d6648fa58d,Quality assurance: Confirmation submission information,Queensland,Languages,CC BY 4.0 (https://creativecommons.org/licenses/by/4.0/),"PDF, 904.6 KB",Queensland Curriculum and Assessment Authority,2026-09-02,Years 11-12,SRC-0200,,QSUB-0051,https://www.qcaa.qld.edu.au/downloads/senior-qce/common/snr_qa_confirm_submission_info.pdf,2025
https://www.qcaa.qld.edu.au/about/governance/legislation,QCAA,statutory curriculum authority,verified,sha256:3f9e4d3b79f9567bd77e269559fef26b09919dd374e412ca9e0a9fc84c2750dd,Subject report: Endorsement 2026,Queensland,Languages,CC BY 4.0 (https://creativecommons.org/licenses/by/4.0/),"PDF, 181.4 KB",Queensland Curriculum and Assessment Authority,2026-09-02,Years 11-12,SRC-0201,,QSUB-0051,https://www.qcaa.qld.edu.au/downloads/senior-qce/languages/snr_japanese_26_subj_rpt_endorse.pdf,2026
https://www.qcaa.qld.edu.au/about/governance/legislation,QCAA,statutory curriculum authority,verified,sha256:bf0952301eb7b33464c22967f299a2a47e86fe23b3542d3578ab99f97c58c6cc,Past paper: Marking guide 2025,Queensland,Languages,CC BY 4.0 (https://creativecommons.org/licenses/by/4.0/),"PDF, 557.3 KB",Queensland Curriculum and Assessment Authority,2026-09-02,Years 11-12,SRC-0202,,QSUB-0051,https://www.qcaa.qld.edu.au/downloads/senior-qce/languages/snr_japanese_25_ea_mark_guide_pub.pdf,2025
https://www.qcaa.qld.edu.au/about/governance/legislation,QCAA,statutory curriculum authority,verified,sha256:f2651d32d73b41ef5e788586c1a959b32a0272aa536ebd4031d2af78b7ce01b0,Past paper: Question and response book 2025,Queensland,Languages,CC BY 4.0 (https://creativecommons.org/licenses/by/4.0/),"PDF, 739.9 KB",Queensland Curriculum and Assessment Authority,2026-09-02,Years 11-12,SRC-0203,,QSUB-0051,https://www.qcaa.qld.edu.au/downloads/senior-qce/languages/snr_japanese_25_ea_question_response.pdf,2025
https://www.qcaa.qld.edu.au/about/governance/legislation,QCAA,statutory curriculum authority,verified,sha256:d8e7c17699dcf0c97e1ca1aacc5cb718a0b0d5d55c19c94e1acc8074b91ded45,Past paper: Stimulus book 2025,Queensland,Languages,CC BY 4.0 (https://creativecommons.org/licenses/by/4.0/),"PDF, 235.4 KB",Queensland Curriculum and Assessment Authority,2026-09-02,Years 11-12,SRC-0204,,QSUB-0051,https://www.qcaa.qld.edu.au/downloads/senior-qce/languages/snr_japanese_25_ea_stimulus.pdf,2025
https://www.qcaa.qld.edu.au/about/governance/legislation,QCAA,statutory curriculum authority,verified,sha256:235017f975068e448a145055d2d0100b5595fcea2898cd105311945ab7871bd6,Literacy Short Course senior syllabus 2025 (HTML page),Queensland,English,CC BY 4.0 (https://creativecommons.org/licenses/by/4.0/),"HTML page / syllabus heading, implementation note, and resources section",Queensland Curriculum and Assessment Authority,2026-09-02,Years 11-12,SRC-0205,,QSUB-0053,https://www.qcaa.qld.edu.au/senior/senior-subjects/syllabuses/english/literacy,2025 v1.2
https://www.qcaa.qld.edu.au/about/governance/legislation,QCAA,statutory curriculum authority,verified,sha256:3a6596c98fa7cbf7d161539b53a5b3b3d9eabde349ef8f7cfe540c6178c049b7,Literacy 2025 v1.2 Short Course senior syllabus PDF,Queensland,English,CC BY 4.0 (https://creativecommons.org/licenses/by/4.0/),PDF (417.9 KB / 31 numbered content pages in 35-page container),Queensland Curriculum and Assessment Authority,2026-09-02,Years 11-12,SRC-0206,,QSUB-0053,https://www.qcaa.qld.edu.au/downloads/senior-qce/syllabuses/snr_literacy_25_app_syll.pdf,2025 v1.2
https://www.qcaa.qld.edu.au/about/governance/legislation,QCAA,statutory curriculum authority,verified,sha256:67f627b887cc32e1e2936cbdf9e25e35b79cd536b7bfae6ff3320c74adff6463,Sample assessment instrument: Personal identity (Topic 1 IA1A),Queensland,English,CC BY 4.0 (https://creativecommons.org/licenses/by/4.0/),DOCX (231.3 KB),Queensland Curriculum and Assessment Authority,2026-09-02,Years 11-12,SRC-0207,,QSUB-0053,https://www.qcaa.qld.edu.au/downloads/senior-qce/english/snr_literacy_short_course_25_topic1_smple_ass_inst.docx,2025
https://www.qcaa.qld.edu.au/about/governance/legislation,QCAA,statutory curriculum authority,verified,sha256:c13b051b9c199b677aad7b4a7c0cd8de224094b95c5efcfc9b5f69100d024e42,Sample assessment instrument: Workplace contexts (Topic 2 IA1B),Queensland,English,CC BY 4.0 (https://creativecommons.org/licenses/by/4.0/),DOCX (233.1 KB),Queensland Curriculum and Assessment Authority,2026-09-02,Years 11-12,SRC-0208,,QSUB-0053,https://www.qcaa.qld.edu.au/downloads/senior-qce/english/snr_literacy_short_course_25_topic2_smple_ass_inst.docx,2025
https://www.qcaa.qld.edu.au/about/governance/legislation,QCAA,statutory curriculum authority,verified,sha256:be1d1a18d13e198eaa3e18a2c00a4b5f94bfbd7ebe8ff686e57fe216b10f4b23,Legal Studies General senior syllabus (HTML page),Queensland,Legal Studies,CC BY 4.0 (https://creativecommons.org/licenses/by/4.0/),HTML page / syllabus navigation section (Syllabus; Resources),Queensland Curriculum and Assessment Authority,2026-09-02,Years 11-12,SRC-0209,,QSUB-0052,https://www.qcaa.qld.edu.au/senior/senior-subjects/syllabuses/humanities-social-sciences/legal-studies,2025 v1.3
https://www.qcaa.qld.edu.au/about/governance/legislation,QCAA,statutory curriculum authority,verified,sha256:fcb0f3023af803c1cadeb1e6efe5333b9b7312773f344bcf10c60469e7da2da8,Legal Studies 2025 v1.3 General senior syllabus PDF,Queensland,Legal Studies,CC BY 4.0 (https://creativecommons.org/licenses/by/4.0/),PDF (809.7 KB),Queensland Curriculum and Assessment Authority,2026-09-02,Years 11-12,SRC-0210,,QSUB-0052,https://www.qcaa.qld.edu.au/downloads/senior-qce/syllabuses/snr_legal_25_syll.pdf,2025 v1.3
https://www.qcaa.qld.edu.au/about/governance/legislation,QCAA,statutory curriculum authority,verified,sha256:bcd7089723cba89f9d730c47df588cc88731c871364627a7186b2deb7e952340,French Extension General senior syllabus (HTML page),Queensland,French Extension,CC BY 4.0 (https://creativecommons.org/licenses/by/4.0/),"HTML page; Syllabus section; syllabus PDF link metadata 'French Extension 2026 v1.3 (PDF, 540.0 KB)'; page last updated 15 June 2026",Queensland Curriculum and Assessment Authority,2026-09-02,Years 11-12,SRC-0211,current,QSUB-0039,https://www.qcaa.qld.edu.au/senior/senior-subjects/syllabuses/languages/french-extension,2026 v1.3
https://www.qcaa.qld.edu.au/about/governance/legislation,QCAA,statutory curriculum authority,verified,sha256:3474be3b8dade2e3395e694417d237a7d3f438c9a933f404dc9d14d4319e8d4a,French Extension 2026 v1.3 General (Extension) senior syllabus PDF,Queensland,French Extension,CC BY 4.0 (https://creativecommons.org/licenses/by/4.0/),"PDF; 38 pages (34 content pages plus cover and front matter); p. 3 syllabus objectives; pp. 10-19 units (Unit 3: Guided investigation, Unit 4: Independent investigation); pp. 20-33 assessment (IA1 20%, IA2 25%, IA3 30%, EA 25%); p. 34 version history (v1.0-v1.3)",Queensland Curriculum and Assessment Authority,2026-09-02,Years 11-12,SRC-0212,current,QSUB-0039,https://www.qcaa.qld.edu.au/downloads/senior-qce/syllabuses/snr_french_ext_25_syll.pdf,2026 v1.3
https://www.qcaa.qld.edu.au/about/governance/legislation,QCAA,statutory curriculum authority,verified,sha256:9cd28e580a123c53b1f4984feb370238dc95b994b25e301e5e334793e781804a,Key senior subject changes: For external assessment in 2026,Queensland,French Extension,CC BY 4.0 (https://creativecommons.org/licenses/by/4.0/),PDF; 17 pages; French Extension entry — external assessment conditions no longer refer to word length (no material effect),Queensland Curriculum and Assessment Authority,2026-09-02,Years 11-12,SRC-0213,current,QSUB-0039,https://www.qcaa.qld.edu.au/downloads/senior-qce/common/snr_ext_key_subj_changes_ea_26.pdf,2026
https://www.qcaa.qld.edu.au/about/governance/legislation,QCAA,statutory curriculum authority,verified,sha256:f75762215792d93465918d1e83295779a321ffd325c00367f9bbe5761c8858ec,Confirmation submission information,Queensland,French Extension,CC BY 4.0 (https://creativecommons.org/licenses/by/4.0/),PDF; 79 pages; 'French Extension 2026' section (summative internal assessment electronic submission requirements),Queensland Curriculum and Assessment Authority,2026-09-02,Years 11-12,SRC-0214,current,QSUB-0039,https://www.qcaa.qld.edu.au/downloads/senior-qce/common/snr_qa_confirm_submission_info.pdf,2026
https://www.qcaa.qld.edu.au/about/governance/legislation,QCAA,statutory curriculum authority,verified,sha256:1a6c1f3f05876274ed9d0b460d23700e503f327071c6555e3a5b2269a4789337,Subject report: Endorsement — French Extension 2026 cohort,Queensland,French Extension,CC BY 4.0 (https://creativecommons.org/licenses/by/4.0/),"PDF; 4 pages; summary of endorsement for the 2026 cohort (IA1, IA2, IA3)",Queensland Curriculum and Assessment Authority,2026-09-02,Years 11-12,SRC-0215,current,QSUB-0039,https://www.qcaa.qld.edu.au/downloads/senior-qce/languages/snr_french_ext_26_subj_rpt_endorse.pdf,2026
https://www.qcaa.qld.edu.au/about/governance/legislation,QCAA,statutory curriculum authority,verified,sha256:cc08bfee789e0fbd1bde04636636b48e917d3f8c4bf36cb9cc51f928315b0474,Past paper: Marking guide — External assessment 2025,Queensland,French Extension,CC BY 4.0 (https://creativecommons.org/licenses/by/4.0/),PDF; 8 pages,Queensland Curriculum and Assessment Authority,2026-09-02,Years 11-12,SRC-0216,historical,QSUB-0039,https://www.qcaa.qld.edu.au/downloads/senior-qce/languages/snr_french_ext_25_ea_mark_guide_pub.pdf,2025
https://www.qcaa.qld.edu.au/about/governance/legislation,QCAA,statutory curriculum authority,verified,sha256:0b0934f222830e7b003128b73fb5a02031c4c0ee02aa9bf820710498435a501e,Past paper: Question and response book — External assessment 2025,Queensland,French Extension,CC BY 4.0 (https://creativecommons.org/licenses/by/4.0/),PDF; 16 pages,Queensland Curriculum and Assessment Authority,2026-09-02,Years 11-12,SRC-0217,historical,QSUB-0039,https://www.qcaa.qld.edu.au/downloads/senior-qce/languages/snr_french_ext_25_ea_question_response.pdf,2025
https://www.qcaa.qld.edu.au/about/governance/legislation,QCAA,statutory curriculum authority,verified,sha256:0dff4cda8ee22e36642c9884e86ef450418fc90b83bcb64f2fcf79636d3883dc,Past paper: Stimulus book — External assessment 2025,Queensland,French Extension,CC BY 4.0 (https://creativecommons.org/licenses/by/4.0/),PDF; 8 pages,Queensland Curriculum and Assessment Authority,2026-09-02,Years 11-12,SRC-0218,historical,QSUB-0039,https://www.qcaa.qld.edu.au/downloads/senior-qce/languages/snr_french_ext_25_ea_stimulus.pdf,2025
https://www.qcaa.qld.edu.au/about/governance/legislation,QCAA,statutory curriculum authority,verified,sha256:2c12564f430dc3854c5453827efcd66f570efe467255f71aaa071f74b0e3f364,English as an Additional Language General senior syllabus (HTML page),Queensland,English,CC BY 4.0 (https://creativecommons.org/licenses/by/4.0/),"HTML page; main heading 'English as an Additional Language General senior syllabus'; Syllabus section lists 'English as an Additional Language General senior syllabus 2025' with 'For implementation with students who will complete their study of the course in 2026 or beyond' and 'English as an Additional Language 2025 v1.3 (PDF, 625.6 KB)'; associated material and resources sections; last updated 15 June 2026",Queensland Curriculum and Assessment Authority,2026-09-02,Years 11-12,SRC-0219,current,QSUB-0032,https://www.qcaa.qld.edu.au/senior/senior-subjects/syllabuses/english/english-as-an-additional-language,2025 v1.3
https://www.qcaa.qld.edu.au/about/governance/legislation,QCAA,statutory curriculum authority,verified,sha256:3d2c48c9c02cebc141af45beadadb6b8ba9844d8d11430623b919d9443fc4fe2,English as an Additional Language 2025 v1.3 General senior syllabus PDF,Queensland,English,CC BY 4.0 (https://creativecommons.org/licenses/by/4.0/),"PDF, 53 pages (rendered representation); cover 'English as an Additional Language 2025 v1.3 General senior syllabus', January 2026; syllabus objectives, unit structure (Units 1-4), four assessment instruments and version history v1.0-v1.3",Queensland Curriculum and Assessment Authority,2026-09-02,Years 11-12,SRC-0220,current,QSUB-0032,https://www.qcaa.qld.edu.au/downloads/senior-qce/syllabuses/snr_english_add_lang_25_syll.pdf,2025 v1.3 (implementation from 2026)
https://www.qcaa.qld.edu.au/about/governance/legislation,QCAA,statutory curriculum authority,verified,sha256:77e05cb83e6246311d70dda267483bf9a12273ffa57dbfa7ff3cb35168b7d6df,Key senior subject changes: For external assessment in 2026,Queensland,English,CC BY 4.0 (https://creativecommons.org/licenses/by/4.0/),"PDF, 17 pages (rendered representation); lists English as an Additional Language among subjects with external assessment in 2026; 'Students respond to an unseen question related to a literary text from the external assessment section of the prescribed text list'",Queensland Curriculum and Assessment Authority,2026-09-02,Years 11-12,SRC-0221,current,QSUB-0032,https://www.qcaa.qld.edu.au/downloads/senior-qce/common/snr_key_subj_changes_ea_26.pdf,2026
https://www.qcaa.qld.edu.au/about/governance/legislation,QCAA,statutory curriculum authority,verified,sha256:0075728b17a202bfcb941c7f477a09e7acbe1c863609b321a3abc089b647f428,Engineering Skills Applied senior syllabus,Queensland,Engineering Skills,CC BY 4.0 (https://creativecommons.org/licenses/by/4.0/),HTML: #content; Syllabus; Resources > Sample assessment instruments (Option C); last updated 13 September 2024,Queensland Curriculum and Assessment Authority,2026-09-02,Years 11-12,SRC-0222,,QSUB-0029,https://www.qcaa.qld.edu.au/senior/senior-subjects/syllabuses/technologies/engineering-skills,Engineering Skills 2024 v1.3 (for students completing the course in 2025 or beyond)
https://www.qcaa.qld.edu.au/about/governance/legislation,QCAA,statutory curriculum authority,verified,sha256:570ddaf19bb8737529b8cfecfe3ef5a7563ab4e4dd03f618267cc5a1afb02501,Engineering Skills 2024 v1.3 Applied senior syllabus,Queensland,Engineering Skills,CC BY 4.0 (https://creativecommons.org/licenses/by/4.0/),"PDF: cover; pp. 2-3 (rationale, syllabus objectives); pp. 4-9 (course overview, course structure, reporting); pp. 10-39 (unit options A-F); pp. 40-81 (assessment); p. 82 (version history)",Queensland Curriculum and Assessment Authority,2026-09-02,Years 11-12,SRC-0223,,QSUB-0029,https://www.qcaa.qld.edu.au/downloads/senior-qce/syllabuses/snr_eng_24_app_syll.pdf,Engineering Skills 2024 v1.3 (January 2026)
https://www.qcaa.qld.edu.au/about/governance/legislation,QCAA,statutory curriculum authority,verified,sha256:6164b747527340ac16631e6b99559f0fd5711d56110b1daf32767a9479314911,Essential English Applied senior syllabus 2025 (v1.3),Queensland,English,Creative Commons Attribution 4.0 International (CC BY 4.0),"Full-source locator: PDF pages 1-43; cover page 1 (subject, version 2025 v1.3, January 2026); pages 3-4 syllabus objectives; pages 15-29 units; pages 30-43 assessment",Queensland Curriculum and Assessment Authority,2026-09-02,Years 11-12,SRC-0224,,QSUB-0033,https://www.qcaa.qld.edu.au/downloads/senior-qce/syllabuses/snr_ess_english_25_app_syll.pdf,2025 v1.3 (implementation from 2026)
https://www.qcaa.qld.edu.au/about/governance/legislation,QCAA,statutory curriculum authority,verified,sha256:b95e02d11e6fd1094dcd8185c98ca6c4f16430dc305a65374e3dacb7e8460a13,Essential English Applied senior syllabus 2025 v1.3 (live subject page),Queensland,English,Creative Commons Attribution 4.0 International (CC BY 4.0),"HTML; page title 'Essential English Applied senior syllabus'; Syllabus section lists Essential English Applied senior syllabus 2025 v1.3 for implementation with students completing in 2026 or beyond; Resources section provides past papers, sample assessment instruments, subject reports; Last updated 15 June 2026",Queensland Curriculum and Assessment Authority,2026-09-02,Years 11-12,SRC-0225,,QSUB-0033,https://www.qcaa.qld.edu.au/senior/senior-subjects/syllabuses/english/essential-english,2025 v1.3
https://www.qcaa.qld.edu.au/about/governance/legislation,QCAA,statutory curriculum authority,verified,sha256:9bab48ed8eabb3cc9f00c8a6dda4a972f450db80f27e0cc6e6e570a726d0335d,Fashion 2024 v1.2 Applied senior syllabus,Queensland,Technologies,Creative Commons Attribution 4.0 International (CC BY 4.0),Rendered PDF representation retrieved from the official syllabus PDF URL via webfetch rendering (direct raw-PDF byte retrieval blocked by Cloudflare),Queensland Curriculum and Assessment Authority,2026-09-02,Years 11-12,SRC-0226,,QSUB-0035,https://www.qcaa.qld.edu.au/downloads/senior-qce/syllabuses/snr_fashion_24_app_syll.pdf,2024 v1.2
https://www.qcaa.qld.edu.au/about/governance/legislation,QCAA,statutory curriculum authority,verified,sha256:f7914c2445ea6ddc8d8876b31e97f19c7305105b58d66339dd8c0cae9c8e353c,"Film, Television & New Media General senior syllabus",Queensland,The Arts,CC BY 4.0 (https://creativecommons.org/licenses/by/4.0/),HTML: #content; Syllabus; Resources > Sample assessment instruments; last updated 15 June 2026,Queensland Curriculum and Assessment Authority,2026-09-02,Years 11-12,SRC-0227,,QSUB-0036,https://www.qcaa.qld.edu.au/senior/senior-subjects/syllabuses/the-arts/film-television-new-media,2025 v1.2
https://www.qcaa.qld.edu.au/about/governance/legislation,QCAA,statutory curriculum authority,verified,sha256:fe42cafb8e699242ecbc07f0060ffdd847f38df75afdefb825b6b30ee0dfb958,"Film, Television & New Media 2025 v1.2 General senior syllabus PDF",Queensland,The Arts,CC BY 4.0 (https://creativecommons.org/licenses/by/4.0/),"PDF: cover; course overview and objectives; unit structure (Units 1-4); assessment specifications (IA1 15%, IA2 25%, IA3 35%, EA 25%)",Queensland Curriculum and Assessment Authority,2026-09-02,Years 11-12,SRC-0228,,QSUB-0036,https://www.qcaa.qld.edu.au/downloads/senior-qce/syllabuses/snr_ftvnm_25_syll.pdf,2025 v1.2
https://www.qcaa.qld.edu.au/about/governance/legislation,QCAA,statutory curriculum authority,verified,sha256:aca7e2685e80d9deeb917f3aacdc9248b84fe0156e39121b6a5152eac85e4a2c,"Film, Television & New Media 2025 v1.2 IA1 Sample assessment instrument: Case study investigation",Queensland,The Arts,CC BY 4.0 (https://creativecommons.org/licenses/by/4.0/),PDF: Unit 3 (Participation); technique Case study investigation; written up to 1500 words; ISMG (15%),Queensland Curriculum and Assessment Authority,2026-09-02,Years 11-12,SRC-0229,,QSUB-0036,https://www.qcaa.qld.edu.au/downloads/senior-qce/arts/snr_ftvnm_25_unit3_ia1_smple_ass_inst.pdf,2025 v1.2
https://www.qcaa.qld.edu.au/about/governance/legislation,QCAA,statutory curriculum authority,verified,sha256:1b0b90be6ba2657866114128f524e336a024e00b2c5552a78afc24b414bccada,"Film, Television & New Media 2025 v1.2 IA3 Sample assessment instrument: Stylistic production",Queensland,The Arts,CC BY 4.0 (https://creativecommons.org/licenses/by/4.0/),PDF: Unit 4 (Artistry); technique Stylistic production; pre-production + production + statement of intent; ISMG (35%),Queensland Curriculum and Assessment Authority,2026-09-02,Years 11-12,SRC-0230,,QSUB-0036,https://www.qcaa.qld.edu.au/downloads/senior-qce/arts/snr_ftvnm_25_unit4_ia3_smple_ass_inst.pdf,2025 v1.2
https://www.qcaa.qld.edu.au/about/governance/legislation,QCAA,statutory curriculum authority,verified,sha256:e673f4e706c6350cfb07babf63382c1a49f987e87bdfb1eca3be5df28de4d3d6,"Film, Television & New Media subject report: 2025 cohort",Queensland,The Arts,CC BY 4.0 (https://creativecommons.org/licenses/by/4.0/),PDF: IA1 Case study investigation; IA2 Multi-platform project; IA3 Stylistic production; EA Examination extended response; 2025/2019 syllabus differences,Queensland Curriculum and Assessment Authority,2026-09-02,Years 11-12,SRC-0231,,QSUB-0036,https://www.qcaa.qld.edu.au/downloads/senior-qce/arts/snr_ftvnm_25_subj_rpt.pdf,2025
https://www.qcaa.qld.edu.au/about/governance/legislation,QCAA,statutory curriculum authority,verified,sha256:2d58562d5aab29ce669cbace233395be1d304743f67c7b3c6e566525772d4a06,English & Literature Extension 2026 v1.4 General (Extension) senior syllabus,Queensland,English & Literature Extension,Creative Commons Attribution 4.0 International (CC BY 4.0),"PDF; 42 pages; cover and pages 1-2 (subject name, version 2026 v1.4, General (Extension)); page 3 syllabus objectives; pages 12-17 Units 3 and 4; pages 18-37 internal and external assessment",Queensland Curriculum and Assessment Authority,2026-09-02,Years 11-12,SRC-0232,,QSUB-0031,https://www.qcaa.qld.edu.au/downloads/senior-qce/syllabuses/snr_english_lit_ext_26_syll.pdf,2026 v1.4 (implementation from 2026)
https://www.qcaa.qld.edu.au/about/governance/legislation,QCAA,statutory curriculum authority,verified,sha256:de21adc224866c02543f640a460305e91f43568e5a60fc5249e26f899f56f0cd,English & Literature Extension 2026 v1.4 (live subject page),Queensland,English & Literature Extension,Creative Commons Attribution 4.0 International (CC BY 4.0),"HTML; page title 'English & Literature Extension General senior syllabus'; Syllabus section lists English & Literature Extension General senior syllabus 2026 v1.4; associated material (Key senior subject changes, Amendment report v1.4); Resources for past papers, sample assessment instruments, subject reports; last updated 15 June 2026",Queensland Curriculum and Assessment Authority,2026-09-02,Years 11-12,SRC-0233,,QSUB-0031,https://www.qcaa.qld.edu.au/senior/senior-subjects/syllabuses/english/english-literature-extension,2026 v1.4
https://www.qcaa.qld.edu.au/about/governance/legislation,QCAA,statutory curriculum authority,verified,sha256:9cd28e580a123c53b1f4984feb370238dc95b994b25e301e5e334793e781804a,Key senior subject changes: For external assessment in 2026,Queensland,English & Literature Extension,Creative Commons Attribution 4.0 International (CC BY 4.0),PDF; 17 pages; 'English' learning-area section lists English & Literature Extension among subjects with external assessment in 2026,Queensland Curriculum and Assessment Authority,2026-09-02,Years 11-12,SRC-0234,,QSUB-0031,https://www.qcaa.qld.edu.au/downloads/senior-qce/common/snr_ext_key_subj_changes_ea_26.pdf,2026
https://www.qcaa.qld.edu.au/about/governance/legislation,QCAA,statutory curriculum authority,verified,sha256:d440a84a698c6ebbb7ce5e05281e380c7949654a40e45114dbcbf5cac6262548,Amendment report: English & Literature Extension 2026 v1.4 syllabus,Queensland,English & Literature Extension,Creative Commons Attribution 4.0 International (CC BY 4.0),PDF; 1 page; records 2026 v1.3 to v1.4 amendment summary,Queensland Curriculum and Assessment Authority,2026-09-02,Years 11-12,SRC-0235,,QSUB-0031,https://www.qcaa.qld.edu.au/downloads/senior-qce/english/snr_english_lit_ext_26_amend_report_v4.pdf,2026
https://www.qcaa.qld.edu.au/about/governance/legislation,QCAA,statutory curriculum authority,verified,sha256:476d1232c9267844b7ef4e6aeda07cc8bee1d3bddd98cebfa8829b5503307a62,Essential Mathematics Applied senior syllabus 2025 (HTML page),Queensland,Mathematics,CC BY 4.0 (https://creativecommons.org/licenses/by/4.0/),HTML page / syllabus navigation section,Queensland Curriculum and Assessment Authority,2026-09-02,Years 11-12,SRC-0236,current,QSUB-0034,https://www.qcaa.qld.edu.au/senior/senior-subjects/syllabuses/mathematics/essential-mathematics,2025 v1.3
https://www.qcaa.qld.edu.au/about/governance/legislation,QCAA,statutory curriculum authority,verified,sha256:57a528ea95b9ca6c4b18b979f730ee1660651549f0c2e75a9d39c12c7a36c34c,Essential Mathematics 2025 v1.3 Applied (Essential) senior syllabus PDF,Queensland,Mathematics,CC BY 4.0 (https://creativecommons.org/licenses/by/4.0/),PDF (857.1 KB),Queensland Curriculum and Assessment Authority,2026-09-02,Years 11-12,SRC-0237,current,QSUB-0034,https://www.qcaa.qld.edu.au/downloads/senior-qce/syllabuses/snr_ess_maths_25_app_syll.pdf,2025 v1.3
https://www.qcaa.qld.edu.au/about/governance/legislation,QCAA,statutory curriculum authority,verified,sha256:955cb5a5fe4f6c72b063e1d05813f9f5f5b771a27cc459c89a7ab90894f84f9b,Formula book: Essential Mathematics 2025,Queensland,Mathematics,CC BY 4.0 (https://creativecommons.org/licenses/by/4.0/),PDF (549.7 KB),Queensland Curriculum and Assessment Authority,2026-09-02,Years 11-12,SRC-0238,current,QSUB-0034,https://www.qcaa.qld.edu.au/downloads/senior-qce/mathematics/snr_maths_ess_25_formula_book.pdf,2025
https://www.qcaa.qld.edu.au/about/governance/legislation,QCAA,statutory curriculum authority,verified,sha256:dd1dc5b24fc49da43e8318a185b5b98c99e20ccc7652f6c67e0e68a0cec03977,Sample assessment instrument: Problem-solving and modelling task IA1,Queensland,Mathematics,CC BY 4.0 (https://creativecommons.org/licenses/by/4.0/),PDF,Queensland Curriculum and Assessment Authority,2026-09-02,Years 11-12,SRC-0239,current,QSUB-0034,https://www.qcaa.qld.edu.au/downloads/senior-qce/mathematics/snr_maths_ess_25_ia1_smple_ass_inst.pdf,2025 v1.2
https://www.qcaa.qld.edu.au/about/governance/legislation,QCAA,statutory curriculum authority,verified,sha256:f0d01bdecff2b9366ac4e05e23b7f1b558a73ffd6e4782459fb9bc4f7d3d6190,Sample assessment instrument: Problem-solving and modelling task IA3,Queensland,Mathematics,CC BY 4.0 (https://creativecommons.org/licenses/by/4.0/),PDF,Queensland Curriculum and Assessment Authority,2026-09-02,Years 11-12,SRC-0240,current,QSUB-0034,https://www.qcaa.qld.edu.au/downloads/senior-qce/mathematics/snr_maths_ess_25_ia3_smple_ass_inst.pdf,2025 v1.2
https://www.qcaa.qld.edu.au/about/governance/legislation,QCAA,statutory curriculum authority,verified,sha256:87134e7ef1418f7839ec354519d8dffa2023822cddf8d247e51ded449d71f3cb,Sample assessment instrument: Examination — short response IA4,Queensland,Mathematics,CC BY 4.0 (https://creativecommons.org/licenses/by/4.0/),PDF (329.5 KB),Queensland Curriculum and Assessment Authority,2026-09-02,Years 11-12,SRC-0241,current,QSUB-0034,https://www.qcaa.qld.edu.au/downloads/senior-qce/mathematics/snr_maths_ess_25_ia4_smple_ass_inst.pdf,2025 v1.2
https://www.qcaa.qld.edu.au/about/governance/legislation,QCAA,statutory curriculum authority,verified,sha256:5ee96ea7738f5cc1b2030a7be26c6135ea205f1f32481c6ba80bca04da84c07c,Sample marking scheme: IA4 Examination — short response,Queensland,Mathematics,CC BY 4.0 (https://creativecommons.org/licenses/by/4.0/),PDF (487.2 KB),Queensland Curriculum and Assessment Authority,2026-09-02,Years 11-12,SRC-0242,current,QSUB-0034,https://www.qcaa.qld.edu.au/downloads/senior-qce/mathematics/snr_maths_ess_25_ia4_marking_scheme.pdf,2025 v1.2
https://www.qcaa.qld.edu.au/about/governance/legislation,QCAA,statutory curriculum authority,verified,sha256:cf15d7ed98205094913ddd179a8b538e19baa09d7d563e33267e341e4f527040,CIA Phase 1: Marking guide 2025,Queensland,Mathematics,CC BY 4.0 (https://creativecommons.org/licenses/by/4.0/),PDF (429.7 KB),Queensland Curriculum and Assessment Authority,2026-09-02,Years 11-12,SRC-0243,current,QSUB-0034,https://www.qcaa.qld.edu.au/downloads/senior-qce/mathematics/snr_maths_ess_25_ea_cia_1_mark_guide_pub.pdf,2025
https://www.qcaa.qld.edu.au/about/governance/legislation,QCAA,statutory curriculum authority,verified,sha256:62451e56203fdb590e976eb4bf55cef6dfdec41e166d3b38fe62a577bc6fe399,Subject report: Essential Mathematics 2025 cohort,Queensland,Mathematics,CC BY 4.0 (https://creativecommons.org/licenses/by/4.0/),PDF (5.0 MB),Queensland Curriculum and Assessment Authority,2026-09-02,Years 11-12,SRC-0244,current,QSUB-0034,https://www.qcaa.qld.edu.au/downloads/senior-qce/mathematics/snr_maths_essential_25_subj_rpt.pdf,2025
https://www.qcaa.qld.edu.au/about/governance/legislation,QCAA,statutory curriculum authority,verified,sha256:24ee0b5577a7374249b725d1c647ac4f13c52c3fd291df47ffce7c3bc9a7f574,Subject report: Endorsement 2026,Queensland,Mathematics,CC BY 4.0 (https://creativecommons.org/licenses/by/4.0/),PDF (180.0 KB),Queensland Curriculum and Assessment Authority,2026-09-02,Years 11-12,SRC-0245,current,QSUB-0034,https://www.qcaa.qld.edu.au/downloads/senior-qce/mathematics/snr_maths_essential_26_subj_rpt_endorse.pdf,2026
https://www.qcaa.qld.edu.au/about/governance/legislation,QCAA,statutory curriculum authority,verified,sha256:6f64c135f44e30f890845e1b63c94f62e098e32e88968645d2ce2dc43900530e,Past paper: CIA Phase 1 Question and response book 2025,Queensland,Mathematics,CC BY 4.0 (https://creativecommons.org/licenses/by/4.0/),PDF,Queensland Curriculum and Assessment Authority,2026-09-02,Years 11-12,SRC-0246,historical,QSUB-0034,https://www.qcaa.qld.edu.au/downloads/senior-qce/mathematics/snr_maths_ess_25_ea_cia_1_question_response.pdf,2025
https://www.qcaa.qld.edu.au/about/governance/legislation,QCAA,statutory curriculum authority,verified,sha256:8b2bfe17567509f6a88cd440a26b85112e5e8eaac6da13c747666cbdf661411d,Past paper: CIA Ancillary phase Question and response book 2025,Queensland,Mathematics,CC BY 4.0 (https://creativecommons.org/licenses/by/4.0/),PDF,Queensland Curriculum and Assessment Authority,2026-09-02,Years 11-12,SRC-0247,historical,QSUB-0034,https://www.qcaa.qld.edu.au/downloads/senior-qce/mathematics/snr_maths_ess_25_ea_cia_3_question_response.pdf,2025
https://www.qcaa.qld.edu.au/about/governance/legislation,QCAA,statutory curriculum authority,verified,sha256:7e2209940f439b526e9edba25576e61ceded515bcd1336ed334a88d4af95d6dc,Engineering General senior syllabus 2025 v1.4 (HTML page),Queensland,Technologies,CC BY 4.0 (https://creativecommons.org/licenses/by/4.0/),HTML page / syllabus navigation section,Queensland Curriculum and Assessment Authority,2026-09-02,Years 11-12,SRC-0248,current,QSUB-0028,https://www.qcaa.qld.edu.au/senior/senior-subjects/syllabuses/technologies/engineering,2025 v1.4
https://www.qcaa.qld.edu.au/about/governance/legislation,QCAA,statutory curriculum authority,verified,sha256:7e2a9032efa4357380a9075806004ec5eb95696187afc6bae51f1c477d3a1016,Engineering 2025 v1.4 General senior syllabus PDF,Queensland,Technologies,CC BY 4.0 (https://creativecommons.org/licenses/by/4.0/),"PDF (881.8 KB), 55 pages",Queensland Curriculum and Assessment Authority,2026-09-02,Years 11-12,SRC-0249,current,QSUB-0028,https://www.qcaa.qld.edu.au/downloads/senior-qce/syllabuses/snr_engineering_25_syll.pdf,2025 v1.4
https://www.qcaa.qld.edu.au/about/governance/legislation,QCAA,statutory curriculum authority,verified,sha256:5d9bffe5af194f21096b410fd5d361d2e3e4ab1c2de2592110c472eb91567bbc,Key senior subject changes: For external assessment in 2026,Queensland,Technologies,CC BY 4.0 (https://creativecommons.org/licenses/by/4.0/),"PDF (295.1 KB), 17 pages",Queensland Curriculum and Assessment Authority,2026-09-02,Years 11-12,SRC-0250,current,QSUB-0028,https://www.qcaa.qld.edu.au/downloads/senior-qce/common/snr_key_subj_changes_ea_26.pdf,2026
https://www.qcaa.qld.edu.au/about/governance/legislation,QCAA,statutory curriculum authority,verified,sha256:6ba37fd43d45060897ce0ff53947940a06d0c6048f1069d7dd5a72e06ef89182,Formula and data book: Engineering 2025,Queensland,Technologies,CC BY 4.0 (https://creativecommons.org/licenses/by/4.0/),"PDF (266.1 KB), 4 pages",Queensland Curriculum and Assessment Authority,2026-09-02,Years 11-12,SRC-0251,current,QSUB-0028,https://www.qcaa.qld.edu.au/downloads/senior-qce/technologies/snr_engineering_25_formula_sheet.pdf,2025
https://www.qcaa.qld.edu.au/about/governance/legislation,QCAA,statutory curriculum authority,verified,sha256:24e929d2cb49882311edd39ff38a515bf17bb15b3bb13fad26771d79c2b8ca28,Amendment report: Engineering 2025 v1.4,Queensland,Technologies,CC BY 4.0 (https://creativecommons.org/licenses/by/4.0/),"PDF (131.8 KB), 1 page",Queensland Curriculum and Assessment Authority,2026-09-02,Years 11-12,SRC-0252,current,QSUB-0028,https://www.qcaa.qld.edu.au/downloads/senior-qce/technologies/snr_engineering_25_amend_report_syll_v1_4.pdf,2025 v1.4
https://www.qcaa.qld.edu.au/about/governance/legislation,QCAA,statutory curriculum authority,verified,sha256:edf62d4b9ecc3bcdc98e87b69358f398fd156d317c33f5398ce96b2a32993e2a,Sample assessment instrument: Extended response — engineered solution (Unit 3 IA1),Queensland,Technologies,CC BY 4.0 (https://creativecommons.org/licenses/by/4.0/),"PDF (221.7 KB), 8 pages",Queensland Curriculum and Assessment Authority,2026-09-02,Years 11-12,SRC-0253,current,QSUB-0028,https://www.qcaa.qld.edu.au/downloads/senior-qce/technologies/snr_engineering_25_unit3_ia1_smple_ass_inst.pdf,2025
https://www.qcaa.qld.edu.au/about/governance/legislation,QCAA,statutory curriculum authority,verified,sha256:443e51106a4de3e7544cc0f8a96e91a2376ebdb9b74cd8da3f9a299b80f397c2,Sample assessment instrument: Examination — combination response (Unit 3 IA2),Queensland,Technologies,CC BY 4.0 (https://creativecommons.org/licenses/by/4.0/),"PDF (739.7 KB), 23 pages",Queensland Curriculum and Assessment Authority,2026-09-02,Years 11-12,SRC-0254,current,QSUB-0028,https://www.qcaa.qld.edu.au/downloads/senior-qce/technologies/snr_engineering_25_unit3_ia2_ass_inst.pdf,2025 v1.4
https://www.qcaa.qld.edu.au/about/governance/legislation,QCAA,statutory curriculum authority,verified,sha256:52c0820028641e7970e5eb05577b01e5c8ce43ab8c36031bceb8de030af02f53,Sample assessment instrument: Extended response — Engineered solution (Unit 4 IA3),Queensland,Technologies,CC BY 4.0 (https://creativecommons.org/licenses/by/4.0/),"PDF (225.5 KB), 8 pages",Queensland Curriculum and Assessment Authority,2026-09-02,Years 11-12,SRC-0255,current,QSUB-0028,https://www.qcaa.qld.edu.au/downloads/senior-qce/technologies/snr_engineering_25_ia3_smple_ass_inst_solution.pdf,2025
https://www.qcaa.qld.edu.au/about/governance/legislation,QCAA,statutory curriculum authority,verified,sha256:71388d57891a33ceacff2f2fa90b66a03c8afac74801c53ab26bfae4b79e9c4b,Sample marking scheme: Examination — combination response (Unit 3 IA2),Queensland,Technologies,CC BY 4.0 (https://creativecommons.org/licenses/by/4.0/),"PDF (417.3 KB), 14 pages",Queensland Curriculum and Assessment Authority,2026-09-02,Years 11-12,SRC-0256,current,QSUB-0028,https://www.qcaa.qld.edu.au/downloads/senior-qce/technologies/snr_engineering_25_ia2_marking_scheme.pdf,2025 v1.4
https://www.qcaa.qld.edu.au/about/governance/legislation,QCAA,statutory curriculum authority,verified,sha256:a17c712158738d220346c74371f90aa933592e1815b59d2d38a42b9cc859e806,Quality assurance: Confirmation submission information,Queensland,Technologies,CC BY 4.0 (https://creativecommons.org/licenses/by/4.0/),"PDF (904.6 KB), 79 pages",Queensland Curriculum and Assessment Authority,2026-09-02,Years 11-12,SRC-0257,current,QSUB-0028,https://www.qcaa.qld.edu.au/downloads/senior-qce/common/snr_qa_confirm_submission_info.pdf,2025
https://www.qcaa.qld.edu.au/about/governance/legislation,QCAA,statutory curriculum authority,verified,sha256:5258ef17d90e94d47471d8ee2422ae20ce649444734aa7162733437a4574ed55,Subject report: Endorsement 2026,Queensland,Technologies,CC BY 4.0 (https://creativecommons.org/licenses/by/4.0/),"PDF (179.8 KB), 5 pages",Queensland Curriculum and Assessment Authority,2026-09-02,Years 11-12,SRC-0258,current,QSUB-0028,https://www.qcaa.qld.edu.au/downloads/senior-qce/technologies/snr_engineering_26_subj_rpt_endorse.pdf,2026
https://www.qcaa.qld.edu.au/about/governance/legislation,QCAA,statutory curriculum authority,verified,sha256:b7efb1fcac9597251b9fa4147fb5b4da75e169e37e6571174ce9155d011d677a,Past paper: Marking guide 2025,Queensland,Technologies,CC BY 4.0 (https://creativecommons.org/licenses/by/4.0/),"PDF (790.6 KB), 22 pages",Queensland Curriculum and Assessment Authority,2026-09-02,Years 11-12,SRC-0259,historical,QSUB-0028,https://www.qcaa.qld.edu.au/downloads/senior-qce/technologies/snr_engineering_25_ea_mark_guide_pub.pdf,2025
https://www.qcaa.qld.edu.au/about/governance/legislation,QCAA,statutory curriculum authority,verified,sha256:a4e036e8563f59efc2286f5b92fd481903cd0608469fe5cf9558697230f09b65,Past paper: Multiple choice question book 2025,Queensland,Technologies,CC BY 4.0 (https://creativecommons.org/licenses/by/4.0/),"PDF (506.2 KB), 8 pages",Queensland Curriculum and Assessment Authority,2026-09-02,Years 11-12,SRC-0260,historical,QSUB-0028,https://www.qcaa.qld.edu.au/downloads/senior-qce/technologies/snr_engineering_25_ea_mc_question.pdf,2025
https://www.qcaa.qld.edu.au/about/governance/legislation,QCAA,statutory curriculum authority,verified,sha256:53cc44d50927aaff0f0cf2cf088869b6c2c9ffa1a5e1ae6a1ddbfc2bc4c83c8a,Past paper: Question and response book 2025,Queensland,Technologies,CC BY 4.0 (https://creativecommons.org/licenses/by/4.0/),"PDF (1.1 MB), 36 pages",Queensland Curriculum and Assessment Authority,2026-09-02,Years 11-12,SRC-0261,historical,QSUB-0028,https://www.qcaa.qld.edu.au/downloads/senior-qce/technologies/snr_engineering_25_ea_question_response.pdf,2025
https://www.qcaa.qld.edu.au/about/governance/legislation,QCAA,statutory curriculum authority,verified,sha256:f1a8663ac0b3ff171c542326cb6d82657c3a8161ac9301c6cf57b559e02c5e9c,Physics General senior syllabus HTML page,Queensland,Physics,CC BY 4.0 (https://creativecommons.org/licenses/by/4.0/),"HTML: #content; Syllabus and Resources sections (associated material, past papers, quality assurance, sample assessment instruments, sample marking schemes, subject reports); last updated 13 April 2026",Queensland Curriculum and Assessment Authority,2026-09-02,Years 11-12,SRC-0262,,QSUB-0067,https://www.qcaa.qld.edu.au/senior/senior-subjects/syllabuses/sciences/physics,Physics 2025 v1.3 (for students completing the course in 2026 or beyond)
https://www.qcaa.qld.edu.au/about/governance/legislation,QCAA,statutory curriculum authority,verified,sha256:f7ca032d3c1915703143792db282dedc2f627b4d8ab80f28235386ed5272c517,Physics 2025 v1.3 General senior syllabus,Queensland,Physics,CC BY 4.0 (https://creativecommons.org/licenses/by/4.0/),"PDF: cover; p. 4 (syllabus objectives); p. 5 (course structure); pp. 19, 25, 30, 35 (Units 1-4); pp. 40, 43, 47, 51 (IA1, IA2, IA3, EA)",Queensland Curriculum and Assessment Authority,2026-09-02,Years 11-12,SRC-0263,,QSUB-0067,https://www.qcaa.qld.edu.au/downloads/senior-qce/syllabuses/snr_physics_25_syll.pdf,Physics 2025 v1.3
https://www.qcaa.qld.edu.au/about/governance/legislation,QCAA,statutory curriculum authority,verified,sha256:13e7f9418a1913c51420234a7f13b9a18d08fcdcb503af8f63d11a07d3fb73d2,Physics 2025 Formula and data book,Queensland,Physics,CC BY 4.0 (https://creativecommons.org/licenses/by/4.0/),PDF: 12-page formula and data book for the 2025 syllabus,Queensland Curriculum and Assessment Authority,2026-09-02,Years 11-12,SRC-0264,,QSUB-0067,https://www.qcaa.qld.edu.au/downloads/senior-qce/sciences/snr_physics_25_formula_data_book.pdf,Physics 2025
https://www.qcaa.qld.edu.au/about/governance/legislation,QCAA,statutory curriculum authority,verified,sha256:bce5017d7deac090cc2a00263ce61d2ec4ff3eb81a86f448b727733e20250189,Physics 2025 v1.2 IA1 sample assessment instrument — Data test (10%),Queensland,Physics,CC BY 4.0 (https://creativecommons.org/licenses/by/4.0/),PDF: Unit 3 IA1 sample assessment instrument (13 pages),Queensland Curriculum and Assessment Authority,2026-09-02,Years 11-12,SRC-0265,,QSUB-0067,https://www.qcaa.qld.edu.au/downloads/senior-qce/sciences/snr_physics_25_ia1_smple_ass_inst.pdf,Physics 2025 v1.2
https://www.qcaa.qld.edu.au/about/governance/legislation,QCAA,statutory curriculum authority,verified,sha256:ed9c758d656ba77c6c3c4d064205903e9c6974f7e4143f4318cc9ae87ab45fd3,Music General senior syllabus (HTML page),Queensland,The Arts,CC BY 4.0 (https://creativecommons.org/licenses/by/4.0/),HTML: #content; Syllabus; Resources > Sample assessment instruments; Past papers; Subject reports; Last updated 15 June 2026,Queensland Curriculum and Assessment Authority,2026-09-02,Years 11-12,SRC-0266,,QSUB-0059,https://www.qcaa.qld.edu.au/senior/senior-subjects/syllabuses/the-arts/music,2025 v1.3
https://www.qcaa.qld.edu.au/about/governance/legislation,QCAA,statutory curriculum authority,verified,sha256:2fccb5720c16f622183686b710302a0821e05c6388477433daa9c34fc60aecc4,Music 2025 v1.3 General senior syllabus PDF,Queensland,The Arts,CC BY 4.0 (https://creativecommons.org/licenses/by/4.0/),"PDF, 49 pages; cover; pp. 3-4 (syllabus objectives); pp. 21, 24, 28, 30 (units 1-4); pp. 32-48 (assessment)",Queensland Curriculum and Assessment Authority,2026-09-02,Years 11-12,SRC-0267,,QSUB-0059,https://www.qcaa.qld.edu.au/downloads/senior-qce/syllabuses/snr_music_25_syll.pdf,2025 v1.3
https://www.qcaa.qld.edu.au/about/governance/legislation,QCAA,statutory curriculum authority,verified,sha256:780c2b0180ecd22e9237e33bc624aec49c45da73bfbe2e8c4040dd16a02cc428,Key senior subject changes: For external assessment in 2026,Queensland,The Arts,CC BY 4.0 (https://creativecommons.org/licenses/by/4.0/),PDF (295.1 KB),Queensland Curriculum and Assessment Authority,2026-09-02,Years 11-12,SRC-0268,,QSUB-0059,https://www.qcaa.qld.edu.au/downloads/senior-qce/common/snr_key_subj_changes_ea_26.pdf,2026
https://www.qcaa.qld.edu.au/about/governance/legislation,QCAA,statutory curriculum authority,verified,sha256:e3fdc2cd7400756bdd1fbb80a686573cd347d68232ebc39cc9dd018d9c5dceda,Sample assessment instrument: Performance (Unit 3 IA1),Queensland,The Arts,CC BY 4.0 (https://creativecommons.org/licenses/by/4.0/),PDF (158.3 KB),Queensland Curriculum and Assessment Authority,2026-09-02,Years 11-12,SRC-0269,,QSUB-0059,https://www.qcaa.qld.edu.au/downloads/senior-qce/arts/snr_music_25_unit3_ia1_smple_ass_inst.pdf,2025
https://www.qcaa.qld.edu.au/about/governance/legislation,QCAA,statutory curriculum authority,verified,sha256:649a6704d187c2aac536f56611520ac45f4ca42c395f61d1661eeed31c14e67a,Sample assessment instrument: Composition (Unit 3 IA2),Queensland,The Arts,CC BY 4.0 (https://creativecommons.org/licenses/by/4.0/),PDF (159.3 KB),Queensland Curriculum and Assessment Authority,2026-09-02,Years 11-12,SRC-0270,,QSUB-0059,https://www.qcaa.qld.edu.au/downloads/senior-qce/arts/snr_music_25_unit3_ia2_smple_ass_inst.pdf,2025
https://www.qcaa.qld.edu.au/about/governance/legislation,QCAA,statutory curriculum authority,verified,sha256:4b990c6d8e8a23ff6032657be6f4fa51754985f6351f9b60d61e2f1045777bf7,Sample assessment instrument: Project (Composition) (Unit 4 IA3),Queensland,The Arts,CC BY 4.0 (https://creativecommons.org/licenses/by/4.0/),PDF (161.7 KB),Queensland Curriculum and Assessment Authority,2026-09-02,Years 11-12,SRC-0271,,QSUB-0059,https://www.qcaa.qld.edu.au/downloads/senior-qce/arts/snr_music_25_comp_unit4_ia3_smple_ass_inst.pdf,2025
https://www.qcaa.qld.edu.au/about/governance/legislation,QCAA,statutory curriculum authority,verified,sha256:26f8a4f6e82db5b6e51a5386cfdcb7f74b5a7e521896ecd1576db41d7f879b3a,Sample assessment instrument: Project (Performance) (Unit 4 IA3),Queensland,The Arts,CC BY 4.0 (https://creativecommons.org/licenses/by/4.0/),PDF (171.7 KB),Queensland Curriculum and Assessment Authority,2026-09-02,Years 11-12,SRC-0272,,QSUB-0059,https://www.qcaa.qld.edu.au/downloads/senior-qce/arts/snr_music_25_perf_unit4_ia3_smple_ass_inst.pdf,2025
https://www.qcaa.qld.edu.au/about/governance/legislation,QCAA,statutory curriculum authority,verified,sha256:46df554a210f923f5219501a87c4028ffea2ffe75098b0ff889629fd9e572273,Quality assurance: Confirmation submission information,Queensland,The Arts,CC BY 4.0 (https://creativecommons.org/licenses/by/4.0/),PDF (904.6 KB),Queensland Curriculum and Assessment Authority,2026-09-02,Years 11-12,SRC-0273,,QSUB-0059,https://www.qcaa.qld.edu.au/downloads/senior-qce/common/snr_qa_confirm_submission_info.pdf,2025
https://www.qcaa.qld.edu.au/about/governance/legislation,QCAA,statutory curriculum authority,verified,sha256:289eadf03eae532d30b256f88783bc7e17c83fd6be70443ea6e842e16f34e4ab,Subject report: Endorsement 2026,Queensland,The Arts,CC BY 4.0 (https://creativecommons.org/licenses/by/4.0/),PDF (178.6 KB),Queensland Curriculum and Assessment Authority,2026-09-02,Years 11-12,SRC-0274,,QSUB-0059,https://www.qcaa.qld.edu.au/downloads/senior-qce/arts/snr_music_26_subj_rpt_endorse.pdf,2026
https://www.qcaa.qld.edu.au/about/governance/legislation,QCAA,statutory curriculum authority,verified,sha256:aeb0e90aa049cdef9eecee90ebd6972625a440937b1d75749b74029e07cb89c7,Past paper: Marking guide 2025,Queensland,The Arts,CC BY 4.0 (https://creativecommons.org/licenses/by/4.0/),PDF (351.4 KB),Queensland Curriculum and Assessment Authority,2026-09-02,Years 11-12,SRC-0275,,QSUB-0059,https://www.qcaa.qld.edu.au/downloads/senior-qce/arts/snr_music_25_ea_mark_guide_pub.pdf,2025
https://www.qcaa.qld.edu.au/about/governance/legislation,QCAA,statutory curriculum authority,verified,sha256:996df534dbefb1284a2d65f4f150f365cbf0f1c624196af97f88d07cd57d3ae0,Past paper: Question and response book 2025,Queensland,The Arts,CC BY 4.0 (https://creativecommons.org/licenses/by/4.0/),PDF (748.5 KB),Queensland Curriculum and Assessment Authority,2026-09-02,Years 11-12,SRC-0276,,QSUB-0059,https://www.qcaa.qld.edu.au/downloads/senior-qce/arts/snr_music_25_question_response.pdf,2025
https://www.qcaa.qld.edu.au/about/governance/legislation,QCAA,statutory curriculum authority,verified,sha256:46fad513427af4d70689ad972b82942db3d29d9facf6529c8f058aeab028146b,Past paper: Stimulus book 2025,Queensland,The Arts,CC BY 4.0 (https://creativecommons.org/licenses/by/4.0/),PDF (251.6 KB),Queensland Curriculum and Assessment Authority,2026-09-02,Years 11-12,SRC-0277,,QSUB-0059,https://www.qcaa.qld.edu.au/downloads/senior-qce/arts/snr_music_25_stimulus.pdf,2025
https://www.qcaa.qld.edu.au/about/governance/legislation,QCAA,statutory curriculum authority,verified,sha256:d3a632a092772a3e09d067fa8c77e03ad3b0e5ffb1fce6379338f4c0cb58bd12,Modern History General senior syllabus,Queensland,Modern History,Creative Commons Attribution 4.0 International (CC BY 4.0),"Full rendered HTML representation; Syllabus section lists Modern History General senior syllabus 2025 with v1.4 PDF link and associated material; Resources sections (past papers, sample assessment instruments, subject reports); last updated 14 July 2026",Queensland Curriculum and Assessment Authority,2026-09-02,Years 11-12,SRC-0278,,QSUB-0058,https://www.qcaa.qld.edu.au/senior/senior-subjects/syllabuses/humanities-social-sciences/modern-history,2025 v1.4
https://www.qcaa.qld.edu.au/about/governance/legislation,QCAA,statutory curriculum authority,verified,sha256:9cec6a5be9d71d4e2b1dfeeef5dead8243188123b63c72501ac6002791bbbfc1,Modern History 2025 v1.4 General senior syllabus,Queensland,Modern History,Creative Commons Attribution 4.0 International (CC BY 4.0),Full rendered PDF representation; printed pp. 1-43; syllabus objectives p. 3; course structure p. 4; units pp. 15-26; assessment pp. 27-39; glossary/references pp. 40-42; version history p. 43,Queensland Curriculum and Assessment Authority,2026-09-02,Years 11-12,SRC-0279,,QSUB-0058,https://www.qcaa.qld.edu.au/downloads/senior-qce/syllabuses/snr_modern_history_25_syll.pdf,2025 v1.4
https://www.qcaa.qld.edu.au/about/governance/legislation,QCAA,statutory curriculum authority,verified,sha256:95492ae2035bfb0bbc2f00227051bb5beb732eb83ba4ba441ce68a475672265a,Amendment report: Modern History 2025 v1.4 syllabus,Queensland,Modern History,Creative Commons Attribution 4.0 International (CC BY 4.0),Full rendered PDF representation; 1 page; confirms v1.4 Unit 4 topic-selection and external-assessment amendment,Queensland Curriculum and Assessment Authority,2026-09-02,Years 11-12,SRC-0280,,QSUB-0058,https://www.qcaa.qld.edu.au/downloads/senior-qce/hass/snr_modern_history_25_amend_report_syll_v1_4.pdf,2025 v1.4
https://www.qcaa.qld.edu.au/about/governance/legislation,QCAA,statutory curriculum authority,verified,sha256:f27e61a0cdc50f9d09d2f2259e44e2c278454d019f1d2cefda152f877ce4b417,Psychology General senior syllabus 2025 (v1.3),Queensland,Psychology,Creative Commons Attribution 4.0 International (CC BY 4.0),"Full source: PDF syllabus, 61 physical pages (printed pagination 1-57); cover states 'Psychology 2025 v1.3 General senior syllabus', January 2026; objectives at printed page 4; units 1-4 at pages 20-37; assessment model at pages 38-50; version history at pages 56-57",Queensland Curriculum and Assessment Authority,2026-09-02,Years 11-12,SRC-0281,,QSUB-0068,https://www.qcaa.qld.edu.au/downloads/senior-qce/syllabuses/snr_psychology_25_syll.pdf,2025 v1.3 (implementation from 2026)
https://www.qcaa.qld.edu.au/about/governance/legislation,QCAA,statutory curriculum authority,verified,sha256:70c4a624bcb3d7fad6b6d24019d2753d613ad6fd5c65ae3f936390c3850b844a,Psychology General senior syllabus 2025 v1.3 (live subject page),Queensland,Psychology,Creative Commons Attribution 4.0 International (CC BY 4.0),"Full source: HTML landing page titled 'Psychology General senior syllabus'; Syllabus section lists Psychology 2025 v1.3 (PDF); Resources sections for past papers, sample assessment instruments, sample marking schemes, subject reports; CC BY 4.0 footer; last updated 13 April 2026",Queensland Curriculum and Assessment Authority,2026-09-02,Years 11-12,SRC-0282,,QSUB-0068,https://www.qcaa.qld.edu.au/senior/senior-subjects/syllabuses/sciences/psychology,2025 v1.3
https://www.qcaa.qld.edu.au/about/governance/legislation,QCAA,statutory curriculum authority,verified,sha256:77e05cb83e6246311d70dda267483bf9a12273ffa57dbfa7ff3cb35168b7d6df,Key senior subject changes: For external assessment in 2026,Queensland,Psychology,Creative Commons Attribution 4.0 International (CC BY 4.0),"Full source: PDF, 17 pages; 'Key senior subject changes: For external assessment in 2026'; lists Psychology among subjects with external assessment in 2026",Queensland Curriculum and Assessment Authority,2026-09-02,Years 11-12,SRC-0283,,QSUB-0068,https://www.qcaa.qld.edu.au/downloads/senior-qce/common/snr_key_subj_changes_ea_26.pdf,2026
https://www.qcaa.qld.edu.au/about/governance/legislation,QCAA,statutory curriculum authority,verified,sha256:c4bf7ca55ea170d46d17104b2b5ecf55bd28497f08a9f6f6139d11c733c51aa9,Religion & Ethics Applied senior syllabus,Queensland,Religion & Ethics,CC BY 4.0 (https://creativecommons.org/licenses/by/4.0/),"HTML: #content; Syllabus > Religion & Ethics 2024 v1.2 (PDF, 627.9 KB); Resources > No resources available; senior syllabus resource search; QCAA Portal link; last updated 15 June 2026",Queensland Curriculum and Assessment Authority,2026-09-02,Years 11-12,SRC-0284,,QSUB-0069,https://www.qcaa.qld.edu.au/senior/senior-subjects/syllabuses/humanities-social-sciences/religion-ethics,Religion & Ethics 2024 v1.2
https://www.qcaa.qld.edu.au/about/governance/legislation,QCAA,statutory curriculum authority,verified,sha256:3a345045140f58dfad96adafec1635b1d044dd2307bc7bcd6f6fa3cb0248a392,Religion & Ethics 2024 v1.2 Applied senior syllabus,Queensland,Religion & Ethics,CC BY 4.0 (https://creativecommons.org/licenses/by/4.0/),"PDF: cover; p. 2 (rationale); p. 3 (syllabus objectives); pp. 4-6 (designing a course of study, assessment, subject matter); pp. 7-8 (reporting); pp. 9-20 (unit options A-F); pp. 21-52 (assessment); p. 53 (glossary, references, version history)",Queensland Curriculum and Assessment Authority,2026-09-02,Years 11-12,SRC-0285,,QSUB-0069,https://www.qcaa.qld.edu.au/downloads/senior-qce/syllabuses/snr_religion_24_app_syll.pdf,2024 v1.2 (January 2026)
https://www.qcaa.qld.edu.au/about/governance/legislation,QCAA,statutory curriculum authority,verified,sha256:3802d28f3cdd1d6c826f34c272c3c6b3aed0388219ea9c5d7802ade7eed69d78,Science in Practice Applied senior syllabus,Queensland,Sciences,CC BY 4.0 (https://creativecommons.org/licenses/by/4.0/),HTML: #content; Syllabus; Resources > Sample assessment instruments; last updated 13 September 2024,Queensland Curriculum and Assessment Authority,2026-09-02,Years 11-12,SRC-0286,,QSUB-0070,https://www.qcaa.qld.edu.au/senior/senior-subjects/syllabuses/sciences/science-in-practice,2024 v1.2
https://www.qcaa.qld.edu.au/about/governance/legislation,QCAA,statutory curriculum authority,verified,sha256:84ecc79ac537983d465dc19172d93d351bac87d8933f3629253e22a43486ffed,Science in Practice 2024 v1.2 Applied senior syllabus,Queensland,Sciences,CC BY 4.0 (https://creativecommons.org/licenses/by/4.0/),"PDF: cover; pp. 2-3 (rationale, syllabus objectives); pp. 4-10 (course structure, assessment, reporting); pp. 11-28 (unit options A-F); pp. 29-64 (assessment specifications A1-F2); p. 65 (glossary, references, version history)",Queensland Curriculum and Assessment Authority,2026-09-02,Years 11-12,SRC-0287,,QSUB-0070,https://www.qcaa.qld.edu.au/downloads/senior-qce/syllabuses/snr_science_prac_24_app_syll.pdf,2024 v1.2
https://www.qcaa.qld.edu.au/about/governance/legislation,QCAA,statutory curriculum authority,verified,sha256:1ba7894d8802f75d326ade2fdc02407c66ef012e4d61514a2f05ac47d75e4c42,Sample assessment instrument: Investigation — Environmental study (Unit 3),Queensland,Sciences,CC BY 4.0 (https://creativecommons.org/licenses/by/4.0/),PDF (5 pages; 103.5 KB as listed),Queensland Curriculum and Assessment Authority,2026-09-02,Years 11-12,SRC-0288,,QSUB-0070,https://www.qcaa.qld.edu.au/downloads/senior-qce/sciences/snr_science_prac_19_app_smple_ass_inst_investigation.pdf,2019 v1.0
https://www.qcaa.qld.edu.au/about/governance/legislation,QCAA,statutory curriculum authority,verified,sha256:a2be23fdfec05fa869130d26307e5d4e7f1a023a70de073b73a972ef2293cec3,Sample assessment instrument: Project — Heat-efficient house (Unit 4),Queensland,Sciences,CC BY 4.0 (https://creativecommons.org/licenses/by/4.0/),PDF (5 pages; 101.3 KB as listed),Queensland Curriculum and Assessment Authority,2026-09-02,Years 11-12,SRC-0289,,QSUB-0070,https://www.qcaa.qld.edu.au/downloads/senior-qce/sciences/snr_science_prac_19_app_smple_ass_inst_project.pdf,2019 v1.0
https://www.qcaa.qld.edu.au/about/governance/legislation,QCAA,statutory curriculum authority,verified,sha256:c50dd0f00d5e5601773ea79e9992ef5479acf5e0d1a773f86e176d3e9b031953,Social & Community Studies Applied senior syllabus (HTML subject page),Queensland,Social & Community Studies,CC BY 4.0 (https://creativecommons.org/licenses/by/4.0/),"HTML: #content; H1 ""Social & Community Studies Applied senior syllabus""; Syllabus > ""Social & Community Studies Applied senior syllabus 2024""; Resources > ""No resources available""; footer ""© State of Queensland (Queensland Curriculum and Assessment Authority) 2026""; ""Last updated: 15 June 2026""",Queensland Curriculum and Assessment Authority,2026-09-02,Years 11-12,SRC-0290,,QSUB-0071,https://www.qcaa.qld.edu.au/senior/senior-subjects/syllabuses/humanities-social-sciences/social-community-studies,2024 v1.2 (implementation from 2025)
https://www.qcaa.qld.edu.au/about/governance/legislation,QCAA,statutory curriculum authority,verified,sha256:62643fdd3879686e5b85fca06d78b2e6df5e544749e4dec24d75cdead583278f,Social & Community Studies 2024 v1.2 Applied senior syllabus,Queensland,Social & Community Studies,CC BY 4.0 (https://creativecommons.org/licenses/by/4.0/),"PDF: 57-page document; cover ""Social & Community Studies 2024 v1.2 Applied senior syllabus"", January 2026; syllabus objectives p. 3; unit options pp. 9-20; assessment specifications pp. 21-52; version history p. 53",Queensland Curriculum and Assessment Authority,2026-09-02,Years 11-12,SRC-0291,,QSUB-0071,https://www.qcaa.qld.edu.au/downloads/senior-qce/syllabuses/snr_social_24_app_syll.pdf,2024 v1.2 (January 2026)
https://www.qcaa.qld.edu.au/about/governance/legislation,QCAA,statutory curriculum authority,verified,sha256:008b93499a587c2e7c3ea35e10c05680c6e1f16aef2eb3855fd6bf2d43a7afb9,Specialist Mathematics 2025 v1.4 General senior syllabus,Queensland,Specialist Mathematics,Creative Commons Attribution 4.0 International (CC BY 4.0),"Rendered representation of the official 52-page PDF; syllabus objectives pages 3-4; course structure and subject matter pages 15-34; assessment model pages 35-49; version history page 52; cover confirms subject, version 2025 v1.4 and March 2026",Queensland Curriculum and Assessment Authority,2026-09-02,Years 11-12,SRC-0292,,QSUB-0073,https://www.qcaa.qld.edu.au/downloads/senior-qce/syllabuses/snr_maths_specialist_25_syll.pdf,2025 v1.4 (implementation from 2026)
https://www.qcaa.qld.edu.au/about/governance/legislation,QCAA,statutory curriculum authority,verified,sha256:36e5de19b8c8cc2636474ce344efc9a38b6d0c37557a7c7ce905c6e637a5fa8d,Specialist Mathematics General senior syllabus 2025 v1.4 (live subject page),Queensland,Specialist Mathematics,Creative Commons Attribution 4.0 International (CC BY 4.0),"Rendered representation of the official page; Syllabus section lists Specialist Mathematics General senior syllabus 2025 with download for 2025 v1.4 and implementation from 2026; Associated material and Resources sections for formula book, calculator list, past papers, sample assessment instruments, sample marking schemes and subject reports; page last updated 13 April 2026",Queensland Curriculum and Assessment Authority,2026-09-02,Years 11-12,SRC-0293,,QSUB-0073,https://www.qcaa.qld.edu.au/senior/senior-subjects/syllabuses/mathematics/specialist-mathematics,2025 v1.4
https://www.qcaa.qld.edu.au/about/governance/legislation,QCAA,statutory curriculum authority,verified,sha256:c163ebdd8dee275c345658eef3fd1d69ae3227c01b6208fd24a1eba6c93359f0,Formula book: Specialist Mathematics 2025,Queensland,Specialist Mathematics,Creative Commons Attribution 4.0 International (CC BY 4.0),Rendered representation of the official 12-page formula book; listed as associated material for the 2025 syllabus,Queensland Curriculum and Assessment Authority,2026-09-02,Years 11-12,SRC-0294,,QSUB-0073,https://www.qcaa.qld.edu.au/downloads/senior-qce/mathematics/snr_specialist_maths_25_formula_book.pdf,2025 (matching 2025 v1.4 syllabus)
https://www.qcaa.qld.edu.au/about/governance/legislation,QCAA,statutory curriculum authority,verified,sha256:863d206d292a9633e491af471cc935275d6f3ab82328ab6a822bf9fa57ab1a2d,"Calculator list: Graphics (general senior syllabus external assessment, updated 2026)",Queensland,Specialist Mathematics,Creative Commons Attribution 4.0 International (CC BY 4.0),Rendered representation of the official 6-page PDF; marked UPDATED on the Specialist Mathematics subject page as associated material for 2026 external assessment,Queensland Curriculum and Assessment Authority,2026-09-02,Years 11-12,SRC-0295,,QSUB-0073,https://www.qcaa.qld.edu.au/downloads/senior-qce/common/snr_syll_ea_graphics_calculators_list.pdf,2026 update (UPDATED associated material)
https://www.qcaa.qld.edu.au/about/governance/legislation,QCAA,statutory curriculum authority,verified,sha256:84fd91a5a9cb58386bd68bf7e9fe336d7c9e1b577416d8794eda0adcacf44a09,Study of Religion General senior syllabus (HTML page),Queensland,Humanities and Social Sciences,CC BY 4.0 (https://creativecommons.org/licenses/by/4.0/),HTML page / syllabus navigation section; page last updated 15 June 2026,Queensland Curriculum and Assessment Authority,2026-09-02,Years 11-12,SRC-0296,current,QSUB-0075,https://www.qcaa.qld.edu.au/senior/senior-subjects/syllabuses/humanities-social-sciences/study-of-religion,2025 v1.4
https://www.qcaa.qld.edu.au/about/governance/legislation,QCAA,statutory curriculum authority,verified,sha256:f6a078aaae61df08b3176d0b3af6152635025e41ba608060acac85a966e8fddc,Study of Religion 2025 v1.4 General senior syllabus PDF,Queensland,Humanities and Social Sciences,CC BY 4.0 (https://creativecommons.org/licenses/by/4.0/),PDF (553.3 KB),Queensland Curriculum and Assessment Authority,2026-09-02,Years 11-12,SRC-0297,current,QSUB-0075,https://www.qcaa.qld.edu.au/downloads/senior-qce/syllabuses/snr_study_religion_25_syll.pdf,2025 v1.4
https://www.qcaa.qld.edu.au/about/governance/legislation,QCAA,statutory curriculum authority,verified,sha256:ee01b9685059815dde5cf24a57ef434604719a75f929d3777c7c67c1f15625b7,Key senior subject changes: For external assessment in 2026,Queensland,Humanities and Social Sciences,CC BY 4.0 (https://creativecommons.org/licenses/by/4.0/),PDF (295.1 KB),Queensland Curriculum and Assessment Authority,2026-09-02,Years 11-12,SRC-0298,current,QSUB-0075,https://www.qcaa.qld.edu.au/downloads/senior-qce/common/snr_key_subj_changes_ea_26.pdf,2026
https://www.qcaa.qld.edu.au/about/governance/legislation,QCAA,statutory curriculum authority,verified,sha256:7a5bc63f2526a20fe9109ba6e3e1a55ea35d4e99de8a24773e8a18fc2602d682,Amendment report: Study of Religion 2025 v1.4,Queensland,Humanities and Social Sciences,CC BY 4.0 (https://creativecommons.org/licenses/by/4.0/),PDF (115.1 KB),Queensland Curriculum and Assessment Authority,2026-09-02,Years 11-12,SRC-0299,current,QSUB-0075,https://www.qcaa.qld.edu.au/downloads/senior-qce/hass/snr_study_religion_25_amend_report_syll_v1_4.pdf,2025 v1.4
https://www.qcaa.qld.edu.au/about/governance/legislation,QCAA,statutory curriculum authority,verified,sha256:6d8413d720a0d0635b14928330888db4ff1340f08d2cc1a6be85b7d6309ddb59,Sample assessment instrument: Examination — extended response (Unit 3 IA1),Queensland,Humanities and Social Sciences,CC BY 4.0 (https://creativecommons.org/licenses/by/4.0/),PDF (309.0 KB),Queensland Curriculum and Assessment Authority,2026-09-02,Years 11-12,SRC-0300,current,QSUB-0075,https://www.qcaa.qld.edu.au/downloads/senior-qce/hass/snr_study_religion_25_unit3_ia1_smple_ass_inst.pdf,2025
https://www.qcaa.qld.edu.au/about/governance/legislation,QCAA,statutory curriculum authority,verified,sha256:09665af7fa5a9f8ac069ef5944b9e61dde048367099b5fb61099db4cd2822bcc,Sample assessment instrument: Investigation — inquiry response (Unit 3 IA2),Queensland,Humanities and Social Sciences,CC BY 4.0 (https://creativecommons.org/licenses/by/4.0/),PDF (150.5 KB),Queensland Curriculum and Assessment Authority,2026-09-02,Years 11-12,SRC-0301,current,QSUB-0075,https://www.qcaa.qld.edu.au/downloads/senior-qce/hass/snr_study_religion_25_unit3_ia2_smple_ass_inst.pdf,2025
https://www.qcaa.qld.edu.au/about/governance/legislation,QCAA,statutory curriculum authority,verified,sha256:6750ad3634f547a77cbe9feb0224a8fd2cbad78d573e8206cbdc886684777254,Sample assessment instrument: Investigation — inquiry response (Unit 4 IA3),Queensland,Humanities and Social Sciences,CC BY 4.0 (https://creativecommons.org/licenses/by/4.0/),PDF (142.3 KB),Queensland Curriculum and Assessment Authority,2026-09-02,Years 11-12,SRC-0302,current,QSUB-0075,https://www.qcaa.qld.edu.au/downloads/senior-qce/hass/snr_study_religion_25_unit4_ia3_smple_ass_inst.pdf,2025
https://www.qcaa.qld.edu.au/about/governance/legislation,QCAA,statutory curriculum authority,verified,sha256:7ca3a4d65c8905527132521da19a5af501a2e4c3cc228014ed32d24fe238c50f,Quality assurance: Confirmation submission information,Queensland,Humanities and Social Sciences,CC BY 4.0 (https://creativecommons.org/licenses/by/4.0/),PDF (904.6 KB),Queensland Curriculum and Assessment Authority,2026-09-02,Years 11-12,SRC-0303,current,QSUB-0075,https://www.qcaa.qld.edu.au/downloads/senior-qce/common/snr_qa_confirm_submission_info.pdf,2025
https://www.qcaa.qld.edu.au/about/governance/legislation,QCAA,statutory curriculum authority,verified,sha256:5b5116fff4812d215541af064aa1bf517a952be8bbe34e338514690ce5537453,Subject report: Endorsement 2026,Queensland,Humanities and Social Sciences,CC BY 4.0 (https://creativecommons.org/licenses/by/4.0/),PDF (189.4 KB),Queensland Curriculum and Assessment Authority,2026-09-02,Years 11-12,SRC-0304,current,QSUB-0075,https://www.qcaa.qld.edu.au/downloads/senior-qce/hass/snr_study_religion_26_subj_rpt_endorse.pdf,2026
https://www.qcaa.qld.edu.au/about/governance/legislation,QCAA,statutory curriculum authority,verified,sha256:839c914f16bab146c1287c43612d67727c757953a69d739f9e7e20938ac606ef,Past paper: Marking guide 2025,Queensland,Humanities and Social Sciences,CC BY 4.0 (https://creativecommons.org/licenses/by/4.0/),PDF (286.5 KB),Queensland Curriculum and Assessment Authority,2026-09-02,Years 11-12,SRC-0305,historical,QSUB-0075,https://www.qcaa.qld.edu.au/downloads/senior-qce/hass/snr_study_religion_25_ea_mark_guide_pub.pdf,2025
https://www.qcaa.qld.edu.au/about/governance/legislation,QCAA,statutory curriculum authority,verified,sha256:19286d44de1cf860d33bb8ed55083109b6180a16988bd87519dabbe68f13ce7c,Past paper: Question and response book 2025,Queensland,Humanities and Social Sciences,CC BY 4.0 (https://creativecommons.org/licenses/by/4.0/),PDF (655.6 KB),Queensland Curriculum and Assessment Authority,2026-09-02,Years 11-12,SRC-0306,historical,QSUB-0075,https://www.qcaa.qld.edu.au/downloads/senior-qce/hass/snr_study_religion_25_ea_question_response.pdf,2025
https://www.qcaa.qld.edu.au/about/governance/legislation,QCAA,statutory curriculum authority,verified,sha256:43c474eaeb674b67dbe78bdfbe3fc41342b53bdfa38efd913a8dfef3d5061771,Past paper: Stimulus book 2025,Queensland,Humanities and Social Sciences,CC BY 4.0 (https://creativecommons.org/licenses/by/4.0/),PDF (251.6 KB),Queensland Curriculum and Assessment Authority,2026-09-02,Years 11-12,SRC-0307,historical,QSUB-0075,https://www.qcaa.qld.edu.au/downloads/senior-qce/hass/snr_study_religion_25_ea_stimulus.pdf,2025
https://www.qcaa.qld.edu.au/about/governance/legislation,QCAA,statutory curriculum authority,verified,sha256:dfe9113b3b7bd48e538d24078ea96481cf2209792df998d9a6a425b7df5e2b73,Visual Art 2025 v1.3 General senior syllabus,Queensland,Visual Art,Creative Commons Attribution 4.0 International (CC BY 4.0),"PDF raw bytes; 67 pages; cover PDF p.1 (title 'Visual Art 2025 v1.3 General senior syllabus', January 2026); copyright and CC BY 4.0 licence PDF p.2; syllabus objectives PDF pp.7-8; course overview and course structure PDF pp.5-24; units PDF pp.25-49 (Unit 1 Art as lens pp.25-30; Unit 2 Art as code pp.31-37; Unit 3 Art as knowledge pp.38-44; Unit 4 Art as alternate pp.45-49); assessment PDF pp.50-66 (IA1 Investigation - inquiry phase 1 20% pp.50-53; IA2 Project - inquiry phase 2 25% pp.54-58; IA3 Project - inquiry phase 3 30% pp.59-64; External assessment Examination - extended response 25% p.65); glossary, references and version history p.66",Queensland Curriculum and Assessment Authority,2026-09-02,Years 11-12,SRC-0308,,QSUB-0077,https://www.qcaa.qld.edu.au/downloads/senior-qce/syllabuses/snr_visual_art_25_syll.pdf,2025 v1.3 (implementation for students completing study in 2026 or beyond; document dated January 2026)
https://www.qcaa.qld.edu.au/about/governance/legislation,QCAA,statutory curriculum authority,verified,sha256:86b82c7d29c0117d2b9f58a123b6e82d6e30796625eee0ff00bd4731998b13a9,Visual Arts in Practice Applied senior syllabus,Queensland,Visual Arts in Practice,CC BY 4.0 (https://creativecommons.org/licenses/by/4.0/),HTML: #content; Syllabus; Resources > Sample assessment instruments; last updated 13 September 2024,Queensland Curriculum and Assessment Authority,2026-09-02,Years 11-12,SRC-0309,,QSUB-0078,https://www.qcaa.qld.edu.au/senior/senior-subjects/syllabuses/the-arts/visual-arts-in-practice,Visual Arts in Practice 2024 v1.2
https://www.qcaa.qld.edu.au/about/governance/legislation,QCAA,statutory curriculum authority,verified,sha256:2d04278b076623e5a9385b320f5dfa2c5c29144ca3515e1c35c11410cc657813,Visual Arts in Practice 2024 v1.2 Applied senior syllabus,Queensland,Visual Arts in Practice,CC BY 4.0 (https://creativecommons.org/licenses/by/4.0/),PDF; cover; p. 3 (syllabus objectives); p. 4 (designing a course of study); pp. 12-13 (reporting standards and determining/reporting results); pp. 14-16 (unit option A); pp. 17-19 (unit option B); pp. 20-22 (unit option C); pp. 23-25 (unit option D); pp. 26-45 (assessment specifications and instrument-specific standards); p. 46 (glossary; references; version history),Queensland Curriculum and Assessment Authority,2026-09-02,Years 11-12,SRC-0310,,QSUB-0078,https://www.qcaa.qld.edu.au/downloads/senior-qce/syllabuses/snr_visual_art_prac_24_app_syll.pdf,Visual Arts in Practice 2024 v1.2
https://www.qcaa.qld.edu.au/about/governance/legislation,QCAA,statutory curriculum authority,verified,sha256:01784e82cdd815771346d3bb3fd86cf80af6a3352d79df0d1276db754aca2332,Visual Arts in Practice 2019 v1.0 Sample assessment instrument: Project — Belonging,Queensland,Visual Arts in Practice,CC BY 4.0 (https://creativecommons.org/licenses/by/4.0/),PDF; cover; p. 1 (task); p. 2 (checkpoints); pp. 3-5 (instrument-specific standards matrix),Queensland Curriculum and Assessment Authority,2026-09-02,Years 11-12,SRC-0311,,QSUB-0078,https://www.qcaa.qld.edu.au/downloads/senior-qce/arts/snr_visual_art_prac_19_app_smple_ass_inst_project.pdf,Visual Arts in Practice 2019 v1.0
https://www.qcaa.qld.edu.au/about/governance/legislation,QCAA,statutory curriculum authority,verified,sha256:fe37afbaf47a4728d71560908f21e5cf34bc480dd0894009ae51e2e25e9613d3,Spanish General senior syllabus (HTML page),Queensland,Languages,CC BY 4.0 (https://creativecommons.org/licenses/by/4.0/),HTML page / syllabus navigation section,Queensland Curriculum and Assessment Authority,2026-09-02,Years 11-12,SRC-0312,,QSUB-0072,https://www.qcaa.qld.edu.au/senior/senior-subjects/syllabuses/languages/spanish,2025 v1.3
https://www.qcaa.qld.edu.au/about/governance/legislation,QCAA,statutory curriculum authority,verified,sha256:08bc19cc6bca00ff3821037db5e062c11a93f6933ea0477560ee37f991fc7b10,Spanish 2025 v1.3 General senior syllabus PDF,Queensland,Languages,CC BY 4.0 (https://creativecommons.org/licenses/by/4.0/),"PDF, 551.7 KB",Queensland Curriculum and Assessment Authority,2026-09-02,Years 11-12,SRC-0313,,QSUB-0072,https://www.qcaa.qld.edu.au/downloads/senior-qce/syllabuses/snr_spanish_25_syll.pdf,2025 v1.3
https://www.qcaa.qld.edu.au/about/governance/legislation,QCAA,statutory curriculum authority,verified,sha256:a02e4c64f8d5cc3766c6659479a8165fed8f910ff5e918e8338b0c5cc41b050a,Key senior subject changes: For external assessment in 2026,Queensland,Languages,CC BY 4.0 (https://creativecommons.org/licenses/by/4.0/),"PDF, 295.1 KB",Queensland Curriculum and Assessment Authority,2026-09-02,Years 11-12,SRC-0314,,QSUB-0072,https://www.qcaa.qld.edu.au/downloads/senior-qce/common/snr_key_subj_changes_ea_26.pdf,2026
https://www.qcaa.qld.edu.au/about/governance/legislation,QCAA,statutory curriculum authority,verified,sha256:c5cc8afe97997d4d0a8b78cee359bd2b00a849cbdc273ece363939dca3982ef1,Language elements: Spanish 2025,Queensland,Languages,CC BY 4.0 (https://creativecommons.org/licenses/by/4.0/),"PDF, 221.9 KB",Queensland Curriculum and Assessment Authority,2026-09-02,Years 11-12,SRC-0315,,QSUB-0072,https://www.qcaa.qld.edu.au/downloads/senior-qce/languages/snr_spanish_25_syll_lang_elms.pdf,2025
https://www.qcaa.qld.edu.au/about/governance/legislation,QCAA,statutory curriculum authority,verified,sha256:edccca8a349f43834cc953c9853e24dbd0f568c396bddbb74b59a2a1d678688f,Sample assessment instrument: Examination — short response (Unit 3 IA1),Queensland,Languages,CC BY 4.0 (https://creativecommons.org/licenses/by/4.0/),"PDF, 193.3 KB",Queensland Curriculum and Assessment Authority,2026-09-02,Years 11-12,SRC-0316,,QSUB-0072,https://www.qcaa.qld.edu.au/downloads/senior-qce/languages/snr_spanish_25_unit3_ia1_smple_ass_inst.pdf,2025
https://www.qcaa.qld.edu.au/about/governance/legislation,QCAA,statutory curriculum authority,verified,sha256:11e2b807a430df06a9db2dd6efef6440705ef87ba77c7fb07a431fbb2af85ef2,Sample assessment instrument: Examination — extended response (Unit 3 IA2),Queensland,Languages,CC BY 4.0 (https://creativecommons.org/licenses/by/4.0/),"PDF, 171.6 KB",Queensland Curriculum and Assessment Authority,2026-09-02,Years 11-12,SRC-0317,,QSUB-0072,https://www.qcaa.qld.edu.au/downloads/senior-qce/languages/snr_spanish_25_unit3_ia2_smple_ass_inst.pdf,2025
https://www.qcaa.qld.edu.au/about/governance/legislation,QCAA,statutory curriculum authority,verified,sha256:e12bcf130d8acf6894d17ff3bb7752b024f987b0917a3c9e4dee694f26d5c191,Sample assessment instrument: Multimodal presentation and interview (Unit 4 IA3),Queensland,Languages,CC BY 4.0 (https://creativecommons.org/licenses/by/4.0/),"PDF, 257.0 KB",Queensland Curriculum and Assessment Authority,2026-09-02,Years 11-12,SRC-0318,,QSUB-0072,https://www.qcaa.qld.edu.au/downloads/senior-qce/languages/snr_spanish_25_unit4_ia3_smple_ass_inst.pdf,2025
https://www.qcaa.qld.edu.au/about/governance/legislation,QCAA,statutory curriculum authority,verified,sha256:09b1a1d99fb577f54fd50f3a73dedbea0ce58704ff8fa76349f060d6648fa58d,Quality assurance: Confirmation submission information,Queensland,Languages,CC BY 4.0 (https://creativecommons.org/licenses/by/4.0/),"PDF, 904.6 KB",Queensland Curriculum and Assessment Authority,2026-09-02,Years 11-12,SRC-0319,,QSUB-0072,https://www.qcaa.qld.edu.au/downloads/senior-qce/common/snr_qa_confirm_submission_info.pdf,2025
https://www.qcaa.qld.edu.au/about/governance/legislation,QCAA,statutory curriculum authority,verified,sha256:fa375622622632e4e5e364506e045b2584a2d7b5b399aaf87d017ec073e29f8f,Subject report: Endorsement 2026,Queensland,Languages,CC BY 4.0 (https://creativecommons.org/licenses/by/4.0/),"PDF, 179.0 KB",Queensland Curriculum and Assessment Authority,2026-09-02,Years 11-12,SRC-0320,,QSUB-0072,https://www.qcaa.qld.edu.au/downloads/senior-qce/languages/snr_spanish_26_subj_rpt_endorse.pdf,2026
https://www.qcaa.qld.edu.au/about/governance/legislation,QCAA,statutory curriculum authority,verified,sha256:0d8f005ae1b5c13016df352e9970d98de6e22954eece89f0a961ff85be996d33,Past paper: Marking guide 2025,Queensland,Languages,CC BY 4.0 (https://creativecommons.org/licenses/by/4.0/),"PDF, 316.5 KB",Queensland Curriculum and Assessment Authority,2026-09-02,Years 11-12,SRC-0321,,QSUB-0072,https://www.qcaa.qld.edu.au/downloads/senior-qce/languages/snr_spanish_25_ea_mark_guide_pub.pdf,2025
https://www.qcaa.qld.edu.au/about/governance/legislation,QCAA,statutory curriculum authority,verified,sha256:eb7959d7b12c8238e0d1fba79bc37ab12c2f1acfa1aefdcf8c45371213634502,Past paper: Question and response book 2025,Queensland,Languages,CC BY 4.0 (https://creativecommons.org/licenses/by/4.0/),"PDF, 625.9 KB",Queensland Curriculum and Assessment Authority,2026-09-02,Years 11-12,SRC-0322,,QSUB-0072,https://www.qcaa.qld.edu.au/downloads/senior-qce/languages/snr_spanish_25_ea_question_response.pdf,2025
https://www.qcaa.qld.edu.au/about/governance/legislation,QCAA,statutory curriculum authority,verified,sha256:54dd0aacb8eb03f1ece9798535b567e6624f11e254129e0e876fee1d4f4f9672,Past paper: Stimulus book 2025,Queensland,Languages,CC BY 4.0 (https://creativecommons.org/licenses/by/4.0/),"PDF, 289.1 KB",Queensland Curriculum and Assessment Authority,2026-09-02,Years 11-12,SRC-0323,,QSUB-0072,https://www.qcaa.qld.edu.au/downloads/senior-qce/languages/snr_spanish_25_ea_stimulus.pdf,2025
https://www.qcaa.qld.edu.au/about/governance/legislation,QCAA,statutory curriculum authority,verified,sha256:c4977826e1e54b4c9b8f0312fae4d5026226e623305c4a9be5923f1d329cb5d7,Tourism Applied senior syllabus (HTML page),Queensland,Humanities and Social Sciences,CC BY 4.0 (https://creativecommons.org/licenses/by/4.0/),"HTML page: Syllabus section (""Tourism Applied senior syllabus 2024""); page footer shows CC BY 4.0 badge; last updated 15 June 2026",Queensland Curriculum and Assessment Authority,2026-09-02,Years 11-12,SRC-0324,,QSUB-0076,https://www.qcaa.qld.edu.au/senior/senior-subjects/syllabuses/humanities-social-sciences/tourism,2024 v1.2 (implementation from 2025)
https://www.qcaa.qld.edu.au/about/governance/legislation,QCAA,statutory curriculum authority,verified,sha256:ce22dcd4e5a55bcb2690a7dfbfab69b1082a99e533a7924ce35d873c2fd0ebb9,Tourism 2024 v1.2 Applied senior syllabus PDF,Queensland,Humanities and Social Sciences,CC BY 4.0 (https://creativecommons.org/licenses/by/4.0/),PDF (49 pages): cover and version history page 45 confirm 2024 v1.2; objectives pp. 3-4; course structure p. 4; unit options A-E pp. 9-18; assessment specifications pp. 19-44,Queensland Curriculum and Assessment Authority,2026-09-02,Years 11-12,SRC-0325,,QSUB-0076,https://www.qcaa.qld.edu.au/downloads/senior-qce/syllabuses/snr_tourism_24_app_syll.pdf,2024 v1.2 (implementation from 2025)
https://www.qcaa.qld.edu.au/about/governance/legislation,QCAA,statutory curriculum authority,verified,sha256:8ab2c08e87cf3138b9f521f2b42ed903c2a19cd1c6ac82fa67dfadb15d9892c5,Sport & Recreation Applied senior syllabus (HTML page),Queensland,Health and Physical Education,CC BY 4.0 (https://creativecommons.org/licenses/by/4.0/),HTML page / syllabus navigation section; last updated 13 September 2024,Queensland Curriculum and Assessment Authority,2026-09-02,Years 11-12,SRC-0326,,QSUB-0074,https://www.qcaa.qld.edu.au/senior/senior-subjects/syllabuses/health-physical-education/sport-recreation,2024 v1.2
https://www.qcaa.qld.edu.au/about/governance/legislation,QCAA,statutory curriculum authority,verified,sha256:315d646355e57498ad69f7c575b6f0e4b00c78633eb050a6a8849c2e36858426,Sport & Recreation 2024 v1.2 Applied senior syllabus PDF,Queensland,Health and Physical Education,CC BY 4.0 (https://creativecommons.org/licenses/by/4.0/),"PDF (728.2 KB), 89 pages; pp. 3-4 rationale/objectives/course structure; pp. 9-31 unit options A-L; pp. 32-89 assessment specifications and instrument-specific standards",Queensland Curriculum and Assessment Authority,2026-09-02,Years 11-12,SRC-0327,,QSUB-0074,https://www.qcaa.qld.edu.au/downloads/senior-qce/syllabuses/snr_sport_recreation_24_app_syll.pdf,2024 v1.2
https://www.qcaa.qld.edu.au/about/governance/legislation,QCAA,statutory curriculum authority,verified,sha256:aa349bcb646a5bfdeb07e4dec0d50317e2e39f9a5e0aebe577c0ee2ae5334199,Sample assessment instrument D1: Project — Coaching,Queensland,Health and Physical Education,CC BY 4.0 (https://creativecommons.org/licenses/by/4.0/),PDF (168.8 KB),Queensland Curriculum and Assessment Authority,2026-09-02,Years 11-12,SRC-0328,,QSUB-0074,https://www.qcaa.qld.edu.au/downloads/senior-qce/hpe/snr_sport_recreation_24_app_smple_ass_inst_d1_proj.pdf,2024
https://www.qcaa.qld.edu.au/about/governance/legislation,QCAA,statutory curriculum authority,verified,sha256:02715a1eda4d342b08a9fca940cb81ef1e76b816c1a21267772a8ebae4bbbbdc,Sample assessment instrument D2: Performance — Officiating,Queensland,Health and Physical Education,CC BY 4.0 (https://creativecommons.org/licenses/by/4.0/),PDF (151.7 KB),Queensland Curriculum and Assessment Authority,2026-09-02,Years 11-12,SRC-0329,,QSUB-0074,https://www.qcaa.qld.edu.au/downloads/senior-qce/hpe/snr_sport_recreation_24_app_smple_ass_inst_perform.pdf,2024
https://www.qcaa.qld.edu.au/about/governance/legislation,QCAA,statutory curriculum authority,verified,sha256:4e3dc94868c76af5c23a5e9ca05a235bb8e849c870d53e5ad07cbcbb46eeb55b,Sample assessment instrument H1: Project — Fitness for sport and recreation,Queensland,Health and Physical Education,CC BY 4.0 (https://creativecommons.org/licenses/by/4.0/),PDF (211.9 KB),Queensland Curriculum and Assessment Authority,2026-09-02,Years 11-12,SRC-0330,,QSUB-0074,https://www.qcaa.qld.edu.au/downloads/senior-qce/hpe/snr_sport_recreation_24_app_smple_tlap_smple_ass_inst_h1_proj.pdf,2024
https://www.qcaa.qld.edu.au/about/governance/legislation,QCAA,statutory curriculum authority,verified,sha256:8b035097460faeca1ca97b8f1b07e94b9c5830b66b2f15e7ab2f81ac8d323734,Sample assessment instrument H2: Performance — Fitness for sport and recreation,Queensland,Health and Physical Education,CC BY 4.0 (https://creativecommons.org/licenses/by/4.0/),PDF (189.7 KB),Queensland Curriculum and Assessment Authority,2026-09-02,Years 11-12,SRC-0331,,QSUB-0074,https://www.qcaa.qld.edu.au/downloads/senior-qce/hpe/snr_sport_recreation_24_app_smple_tlap_smple_ass_inst_h2_perf.pdf,2024
https://www.qcaa.qld.edu.au/about/governance/legislation,QCAA,statutory curriculum authority,verified,sha256:338f776590d14c60d63bba235847c1641d9ae41d0302fa9e5370a271f10ee2c2,Literature General senior syllabus (HTML page),Queensland,English,CC BY 4.0 (https://creativecommons.org/licenses/by/4.0/),"HTML page / Syllabus section; Syllabus > Literature General senior syllabus 2025; Resources > Sample assessment instruments, past papers, subject reports; last updated 15 June 2026",Queensland Curriculum and Assessment Authority,2026-09-02,Years 11-12,SRC-0332,current,QSUB-0054,https://www.qcaa.qld.edu.au/senior/senior-subjects/syllabuses/english/literature,2025 v1.3
https://www.qcaa.qld.edu.au/about/governance/legislation,QCAA,statutory curriculum authority,verified,sha256:02ff57eb940d8625c0de6ec28db86cdff1c2fb1916ceeb0e44ddbfa6efac23d8,Literature 2025 v1.3 General senior syllabus PDF,Queensland,English,CC BY 4.0 (https://creativecommons.org/licenses/by/4.0/),"PDF (614.4 KB); cover (subject, version 2025 v1.3, January 2026); page 2-4 syllabus objectives; pages 5-16 designing a course of study; pages 17-24 Units 1-4; pages 25-40 assessment",Queensland Curriculum and Assessment Authority,2026-09-02,Years 11-12,SRC-0333,current,QSUB-0054,https://www.qcaa.qld.edu.au/downloads/senior-qce/syllabuses/snr_literature_25_syll.pdf,2025 v1.3
https://www.qcaa.qld.edu.au/about/governance/legislation,QCAA,statutory curriculum authority,verified,sha256:77e05cb83e6246311d70dda267483bf9a12273ffa57dbfa7ff3cb35168b7d6df,Key senior subject changes: For external assessment in 2026,Queensland,English,CC BY 4.0 (https://creativecommons.org/licenses/by/4.0/),PDF (295.1 KB); English learning-area section; lists Literature among subjects with external assessment in 2026,Queensland Curriculum and Assessment Authority,2026-09-02,Years 11-12,SRC-0334,current,QSUB-0054,https://www.qcaa.qld.edu.au/downloads/senior-qce/common/snr_key_subj_changes_ea_26.pdf,2026
https://www.qcaa.qld.edu.au/about/governance/legislation,QCAA,statutory curriculum authority,verified,sha256:ce7f6c63aa52da72ec7e7e19c10c13450ef3c995a0addfe93df4f010ee8d211b,Prescribed text list for Literature 2026-2029,Queensland,English,CC BY 4.0 (https://creativecommons.org/licenses/by/4.0/),PDF (223.5 KB); prescribed text list effective from 2026 to end of 2029; Unit 3/4 and external assessment text sections,Queensland Curriculum and Assessment Authority,2026-09-02,Years 11-12,SRC-0335,current,QSUB-0054,https://www.qcaa.qld.edu.au/downloads/senior-qce/english/snr_literature_prescribed_texts_lists_2026-29.pdf,2026-2029
https://www.qcaa.qld.edu.au/about/governance/legislation,QCAA,statutory curriculum authority,verified,sha256:811848879cc0cc23bd8e1bf4e450f766f3f6d575af930f889bba0effddc44a17,Annotations for the prescribed text list: Literature 2026-2029,Queensland,English,CC BY 4.0 (https://creativecommons.org/licenses/by/4.0/),PDF (498.0 KB); annotations for each prescribed text for Literature 2026-2029,Queensland Curriculum and Assessment Authority,2026-09-02,Years 11-12,SRC-0336,current,QSUB-0054,https://www.qcaa.qld.edu.au/downloads/senior-qce/english/snr_literature_prescribed_texts_list_annot_2026-29.pdf,2026-2029
https://www.qcaa.qld.edu.au/about/governance/legislation,QCAA,statutory curriculum authority,verified,sha256:e478ea217205180873dcd8d4f8c3bc21220faf593cc5ccbc9d99bc16946c9efb,Sample assessment instrument: Examination — extended response Unit 3 IA1,Queensland,English,CC BY 4.0 (https://creativecommons.org/licenses/by/4.0/),PDF (165.4 KB); Unit 3 IA1; assessment conditions and instrument-specific marking guide,Queensland Curriculum and Assessment Authority,2026-09-02,Years 11-12,SRC-0337,current,QSUB-0054,https://www.qcaa.qld.edu.au/downloads/senior-qce/english/snr_literature_25_unit3_ia1_smple_ass_inst.pdf,2025
https://www.qcaa.qld.edu.au/about/governance/legislation,QCAA,statutory curriculum authority,verified,sha256:37ce6094fb04365112db9c829f82d9bb3e58ea70f389fce49afdfb7acd90f44e,Sample assessment instrument: Imaginative response Unit 3 IA2,Queensland,English,CC BY 4.0 (https://creativecommons.org/licenses/by/4.0/),PDF (165.5 KB); Unit 3 IA2; assessment conditions and instrument-specific marking guide,Queensland Curriculum and Assessment Authority,2026-09-02,Years 11-12,SRC-0338,current,QSUB-0054,https://www.qcaa.qld.edu.au/downloads/senior-qce/english/snr_literature_25_unit3_ia2_smple_ass_inst.pdf,2025
https://www.qcaa.qld.edu.au/about/governance/legislation,QCAA,statutory curriculum authority,verified,sha256:a530d143745a52adbc667a30c24a027f6745bcd4a223bf0b413b7a683b257836,Sample assessment instrument: Imaginative response — written Unit 3 IA3,Queensland,English,CC BY 4.0 (https://creativecommons.org/licenses/by/4.0/),PDF (163.2 KB); Unit 3 IA3; assessment conditions and instrument-specific marking guide,Queensland Curriculum and Assessment Authority,2026-09-02,Years 11-12,SRC-0339,current,QSUB-0054,https://www.qcaa.qld.edu.au/downloads/senior-qce/english/snr_literature_25_unit3_ia3_smple_ass_inst.pdf,2025
https://www.qcaa.qld.edu.au/about/governance/legislation,QCAA,statutory curriculum authority,verified,sha256:f75762215792d93465918d1e83295779a321ffd325c00367f9bbe5761c8858ec,Quality assurance: Confirmation submission information,Queensland,English,CC BY 4.0 (https://creativecommons.org/licenses/by/4.0/),PDF (904.6 KB); confirmation submission information for quality assurance of internal assessment,Queensland Curriculum and Assessment Authority,2026-09-02,Years 11-12,SRC-0340,current,QSUB-0054,https://www.qcaa.qld.edu.au/downloads/senior-qce/common/snr_qa_confirm_submission_info.pdf,2025
https://www.qcaa.qld.edu.au/about/governance/legislation,QCAA,statutory curriculum authority,verified,sha256:fb896e82d038af24473f58a89c0acc3f18a2c5f0d9681dafd5efc99daa777023,Subject report: Endorsement 2026,Queensland,English,CC BY 4.0 (https://creativecommons.org/licenses/by/4.0/),PDF (187.7 KB); subject report for endorsement 2026; QCAA assessment support,Queensland Curriculum and Assessment Authority,2026-09-02,Years 11-12,SRC-0341,current,QSUB-0054,https://www.qcaa.qld.edu.au/downloads/senior-qce/english/snr_literature_26_subj_rpt_endorse.pdf,2026
https://www.qcaa.qld.edu.au/about/governance/legislation,QCAA,statutory curriculum authority,verified,sha256:6d56e43730dcead63ab79213e145f14003cecebbfa89dea5c65755faa2a57eb2,Music Extension (Musicology) General senior syllabus (HTML page),Queensland,The Arts,CC BY 4.0 (https://creativecommons.org/licenses/by/4.0/),"HTML page / heading 'Music Extension (Musicology) General senior syllabus 2026'; 'For implementation with students who will complete their study of the course in 2026 or beyond'; document link 'Music Extension — Musicology 2026 v1.3 (PDF, 605.6 KB)'; associated material 'Key senior subject changes: For external assessment in 2026 (PDF, 295.1 KB)'; Resources > Sample assessment instruments; Last updated:15 June 2026",Queensland Curriculum and Assessment Authority,2026-09-02,Years 11-12,SRC-0342,,QSUB-0061,https://www.qcaa.qld.edu.au/senior/senior-subjects/syllabuses/the-arts/music-extension-musicology,2026 v1.3
https://www.qcaa.qld.edu.au/about/governance/legislation,QCAA,statutory curriculum authority,verified,sha256:0aa4b0fa0e987a3afafb81d116b4c1624c7902e368475f635c7542136bf301a5,Music Extension — Musicology 2026 v1.3 General (Extension) senior syllabus PDF,Queensland,The Arts,CC BY 4.0 (https://creativecommons.org/licenses/by/4.0/),PDF (605.6 KB) / 35 pages; January 2026; p. 3 (syllabus objectives); pp. 17-21 (Units 3-4 and key ideas); pp. 22-30 (assessment); p. 31 (version history),Queensland Curriculum and Assessment Authority,2026-09-02,Years 11-12,SRC-0343,,QSUB-0061,https://www.qcaa.qld.edu.au/downloads/senior-qce/syllabuses/snr_music_ext_26_music_syll.pdf,2026 v1.3
https://www.qcaa.qld.edu.au/about/governance/legislation,QCAA,statutory curriculum authority,verified,sha256:9cd28e580a123c53b1f4984feb370238dc95b994b25e301e5e334793e781804a,Key senior subject changes: For external assessment in 2026,Queensland,The Arts,CC BY 4.0 (https://creativecommons.org/licenses/by/4.0/),PDF (295.1 KB) / 17 pages; 'Key senior subject changes' 'For external assessment in 2026'; July 2026,Queensland Curriculum and Assessment Authority,2026-09-02,Years 11-12,SRC-0344,,QSUB-0061,https://www.qcaa.qld.edu.au/downloads/senior-qce/common/snr_ext_key_subj_changes_ea_26.pdf,2026
https://www.qcaa.qld.edu.au/about/governance/legislation,QCAA,statutory curriculum authority,verified,sha256:973f0223994cc765341e0d7b6446e37de5e5313ae70a3a11d02051c1ea78a9d9,Sample assessment instrument: Investigation 1 (Unit 3 IA1),Queensland,The Arts,CC BY 4.0 (https://creativecommons.org/licenses/by/4.0/),PDF (141.3 KB) / 5 pages; 'Music Extension — Musicology 2026 — IA1: Sample assessment instrument',Queensland Curriculum and Assessment Authority,2026-09-02,Years 11-12,SRC-0345,,QSUB-0061,https://www.qcaa.qld.edu.au/downloads/senior-qce/arts/snr_music_ext_26_mus_unit3_ia1_smple_ass_inst.pdf,2026
https://www.qcaa.qld.edu.au/about/governance/legislation,QCAA,statutory curriculum authority,verified,sha256:aa90653c8fa58d2a82dec99075611cc170f1fb74b7b7f287dc15aa4c04bea407,Sample assessment instrument: Investigation 2 (Unit 3 IA2),Queensland,The Arts,CC BY 4.0 (https://creativecommons.org/licenses/by/4.0/),PDF (151.2 KB) / 5 pages; 'Music Extension — Musicology 2026 v1.3 — IA2: Sample assessment instrument'; February 2026,Queensland Curriculum and Assessment Authority,2026-09-02,Years 11-12,SRC-0346,,QSUB-0061,https://www.qcaa.qld.edu.au/downloads/senior-qce/arts/snr_music_ext_26_mus_unit3_ia2_smple_ass_inst.pdf,2026
https://www.qcaa.qld.edu.au/about/governance/legislation,QCAA,statutory curriculum authority,verified,sha256:92c65f50bfcf880dda1deb5dc163e1d0db8dc9c7b2697f3ec679533478d6d533,Sample assessment instrument: Musicology project (Unit 4 IA3),Queensland,The Arts,CC BY 4.0 (https://creativecommons.org/licenses/by/4.0/),PDF (167.5 KB) / 6 pages; 'Music Extension 2026 (Musicology): IA3 Sample assessment instrument'; September 2025,Queensland Curriculum and Assessment Authority,2026-09-02,Years 11-12,SRC-0347,,QSUB-0061,https://www.qcaa.qld.edu.au/downloads/senior-qce/arts/snr_music_ext_26_mus_unit4_ia3_smple_ass_inst.pdf,2026
https://www.qcaa.qld.edu.au/about/governance/legislation,QCAA,statutory curriculum authority,verified,sha256:f75762215792d93465918d1e83295779a321ffd325c00367f9bbe5761c8858ec,Quality assurance: Confirmation submission information,Queensland,The Arts,CC BY 4.0 (https://creativecommons.org/licenses/by/4.0/),PDF (904.6 KB) / 79 pages; 'Confirmation submission information'; Resources > Quality assurance,Queensland Curriculum and Assessment Authority,2026-09-02,Years 11-12,SRC-0348,,QSUB-0061,https://www.qcaa.qld.edu.au/downloads/senior-qce/common/snr_qa_confirm_submission_info.pdf,2026
https://www.qcaa.qld.edu.au/about/governance/legislation,QCAA,statutory curriculum authority,verified,sha256:1a5a1069287fd4380cfac1c1162411120df5f45c929af9d1ac9b699c14365bd4,Subject report: Endorsement 2026,Queensland,The Arts,CC BY 4.0 (https://creativecommons.org/licenses/by/4.0/),PDF (202.5 KB) / 7 pages; 'Subject report: Endorsement — Music Extension 2026 cohort'; Resources > Subject reports,Queensland Curriculum and Assessment Authority,2026-09-02,Years 11-12,SRC-0349,,QSUB-0061,https://www.qcaa.qld.edu.au/downloads/senior-qce/arts/snr_music_ext_26_subj_rpt_endorse.pdf,2026
https://www.qcaa.qld.edu.au/about/governance/legislation,QCAA,statutory curriculum authority,verified,sha256:ee2780d5825cda4e66dcdc77b051850a3550466b70ae58591c22d295175fcec5,Aboriginal & Torres Strait Islander Languages Short Course syllabus (HTML page),Queensland,Languages,CC BY 4.0 (https://creativecommons.org/licenses/by/4.0/),HTML page / syllabus navigation section; page states 'Aboriginal & Torres Strait Islander Languages Short Course syllabus 2025' with implementation for students completing the course in 2025 or beyond; associated material links the factsheet,Queensland Curriculum and Assessment Authority,2026-09-02,Years 11-12,SRC-0350,current,QSUB-0001,https://www.qcaa.qld.edu.au/senior/senior-subjects/syllabuses/languages/aboriginal-torres-strait-islander-languages,2025 v1.3
https://www.qcaa.qld.edu.au/about/governance/legislation,QCAA,statutory curriculum authority,verified,sha256:5a6e9a2ed5d1dedc93b7472f16003c15b1f2cbba6a763b9fcf363fd0ccd5f900,Aboriginal & Torres Strait Islander Languages 2025 v1.3 Short Course senior syllabus PDF,Queensland,Languages,CC BY 4.0 (https://creativecommons.org/licenses/by/4.0/),"PDF (600.8 KB), 38 pages; cover and title page confirm subject name and version 2025 v1.3 (January 2026); pp. 4-5 syllabus objectives; pp. 21-27 topics (Topic 1 Making connections; Topic 2 Storytelling); pp. 28-33 assessment (IA1 and IA2)",Queensland Curriculum and Assessment Authority,2026-09-02,Years 11-12,SRC-0351,current,QSUB-0001,https://www.qcaa.qld.edu.au/downloads/senior-qce/syllabuses/snr_atsi_lang_25_short_course_syll.pdf,2025 v1.3
https://www.qcaa.qld.edu.au/about/governance/legislation,QCAA,statutory curriculum authority,verified,sha256:625c4d7de18f88dd9998a728f6a071e698ecab1c9774bc8ab253f612484ae496,Factsheet: Aboriginal & Torres Strait Islander Languages Short Course,Queensland,Languages,CC BY 4.0 (https://creativecommons.org/licenses/by/4.0/),"PDF (133.8 KB), 2 pages; course overview, course structure (55 hours, 1 QCE credit), Topics 1-2, assessment (two internal projects), learning outcomes",Queensland Curriculum and Assessment Authority,2026-09-02,Years 11-12,SRC-0352,current,QSUB-0001,https://www.qcaa.qld.edu.au/downloads/senior-qce/syllabuses/snr_atsi_lang_25_short_course_syll_factsheet.pdf,2025 v1.3
https://www.qcaa.qld.edu.au/about/governance/legislation,QCAA,statutory curriculum authority,verified,sha256:b77289e36396a245bb7792792c406a533b1fe654da426d4efd738680c3395c6d,Industrial Technology Skills Applied senior syllabus (subject page),Queensland,Technologies - Industrial Technology Skills,CC BY 4.0 (https://creativecommons.org/licenses/by/4.0/),HTML page / syllabus navigation section,Queensland Curriculum and Assessment Authority,2026-09-02,Years 11-12,SRC-0353,,QSUB-0048,https://www.qcaa.qld.edu.au/senior/senior-subjects/syllabuses/technologies/industrial-technology-skills,2024 (page last updated 13 September 2024)
https://www.qcaa.qld.edu.au/about/governance/legislation,QCAA,statutory curriculum authority,verified,sha256:095b246b8583a4ee1696db0ff858cfe4aeee70b1321450abb49924cfc9afcc3a,Industrial Technology Skills 2024 v1.3 Applied senior syllabus (PDF),Queensland,Technologies - Industrial Technology Skills,CC BY 4.0 (https://creativecommons.org/licenses/by/4.0/),"PDF, 466.3 KB; 83 content pages; version history p. 83",Queensland Curriculum and Assessment Authority,2026-09-02,Years 11-12,SRC-0354,,QSUB-0048,https://www.qcaa.qld.edu.au/downloads/senior-qce/syllabuses/snr_ind_tech_24_app_syll.pdf,2024 v1.3 (January 2026)
https://www.qcaa.qld.edu.au/about/governance/legislation,QCAA,statutory curriculum authority,verified,sha256:646b552d7e0761308438cfd313e22088acf3ba51ec0c170b5507d0c07965c9df,Sample assessment instrument: L1 - Practical demonstration - Manufacturing engineering (Engineering Skills),Queensland,Technologies - Industrial Technology Skills,CC BY 4.0 (https://creativecommons.org/licenses/by/4.0/),"PDF, 159.4 KB; 6 pages",Queensland Curriculum and Assessment Authority,2026-09-02,Years 11-12,SRC-0355,,QSUB-0048,https://www.qcaa.qld.edu.au/downloads/senior-qce/technologies/snr_ind_tech_24_app_l1_smple_ass_inst_prac_demo.pdf,2024 v1.2 (April 2024)
https://www.qcaa.qld.edu.au/about/governance/legislation,QCAA,statutory curriculum authority,verified,sha256:bc332de0e7214446359c5e8829c13898e628cf769362b131577e9f1025ed046f,Sample assessment instrument: L2 - Project - Manufacturing engineering (Engineering Skills),Queensland,Technologies - Industrial Technology Skills,CC BY 4.0 (https://creativecommons.org/licenses/by/4.0/),"PDF, 177.1 KB; 6 pages",Queensland Curriculum and Assessment Authority,2026-09-02,Years 11-12,SRC-0356,,QSUB-0048,https://www.qcaa.qld.edu.au/downloads/senior-qce/technologies/snr_ind_tech_24_app_l2_smple_ass_inst_project.pdf,2024 v1.2 (April 2024)
https://www.qcaa.qld.edu.au/about/governance/legislation,QCAA,statutory curriculum authority,verified,sha256:28cb7c3e88b1143fe13e0b7bacd5877130d98a41e483e1510e9d08bf95cf923f,Physical Education General senior syllabus (live subject page),Queensland,Health and Physical Education,CC BY 4.0 (https://creativecommons.org/licenses/by/4.0/),"HTML: rendered page #content; Syllabus section lists Physical Education General senior syllabus 2025 v1.3; Resources sections for past papers, quality assurance, sample assessment instruments and subject reports; last updated 15 June 2026",Queensland Curriculum and Assessment Authority,2026-09-02,Years 11-12,SRC-0357,,QSUB-0066,https://www.qcaa.qld.edu.au/senior/senior-subjects/syllabuses/health-physical-education/physical-education,2025 v1.3
https://www.qcaa.qld.edu.au/about/governance/legislation,QCAA,statutory curriculum authority,verified,sha256:ff15b37eaa38baa5641866214857c0b5c6bcf69c697883d16758498d4129c347,Physical Education 2025 v1.3 General senior syllabus,Queensland,Health and Physical Education,CC BY 4.0 (https://creativecommons.org/licenses/by/4.0/),"PDF: cover (subject name, version 2025 v1.3, January 2026); p. 3 syllabus objectives; pp. 11, 17, 22, 28 unit sections; pp. 32, 38, 42, 47 assessment sections; p. 49 version history (v1.0-v1.3)",Queensland Curriculum and Assessment Authority,2026-09-02,Years 11-12,SRC-0358,,QSUB-0066,https://www.qcaa.qld.edu.au/downloads/senior-qce/syllabuses/snr_pe_25_syll.pdf,2025 v1.3
https://www.qcaa.qld.edu.au/about/governance/legislation,QCAA,statutory curriculum authority,verified,sha256:8eb4d8c419e4fe2bcec0f0e2cd2b4f965364265e7e5f7ec59b3074bad7508016,Key senior subject changes: For external assessment in 2026,Queensland,Health and Physical Education,CC BY 4.0 (https://creativecommons.org/licenses/by/4.0/),PDF: contents page lists Health and Physical Education; Health and Physical Education section lists Physical Education (perusal time changed from 15 minutes to 5 minutes),Queensland Curriculum and Assessment Authority,2026-09-02,Years 11-12,SRC-0359,,QSUB-0066,https://www.qcaa.qld.edu.au/downloads/senior-qce/common/snr_key_subj_changes_ea_26.pdf,2026
https://www.qcaa.qld.edu.au/about/governance/legislation,QCAA,statutory curriculum authority,verified,sha256:b92fa0e396fcf6d7e2f24bfebe07684db7d8d621e5b55c52c80e69021ec9bdea,Sample assessment instrument: Project — folio Unit 3 IA1,Queensland,Health and Physical Education,CC BY 4.0 (https://creativecommons.org/licenses/by/4.0/),PDF: sample assessment instrument for IA1 Project — folio aligned to Unit 3 Topic 1 tactical awareness,Queensland Curriculum and Assessment Authority,2026-09-02,Years 11-12,SRC-0360,,QSUB-0066,https://www.qcaa.qld.edu.au/downloads/senior-qce/hpe/snr_pe_25_unit3_ia1_smple_ass_inst.pdf,2025 v1.2
https://www.qcaa.qld.edu.au/about/governance/legislation,QCAA,statutory curriculum authority,verified,sha256:dedeb1c2bbf6cd871c5d371ffad4793a2d82e86b3943efeacf79811a2310af9e,Sample assessment instrument: Investigation — report Unit 3 IA2,Queensland,Health and Physical Education,CC BY 4.0 (https://creativecommons.org/licenses/by/4.0/),PDF: sample assessment instrument for IA2 Investigation — report aligned to Unit 3 Topic 2 ethics and integrity,Queensland Curriculum and Assessment Authority,2026-09-02,Years 11-12,SRC-0361,,QSUB-0066,https://www.qcaa.qld.edu.au/downloads/senior-qce/hpe/snr_pe_25_unit3_ia2_smple_ass_inst.pdf,2025 v1.2
https://www.qcaa.qld.edu.au/about/governance/legislation,QCAA,statutory curriculum authority,verified,sha256:6aab8087ec951ec916066099b611a590895e89091b23926877ed2c5193144c1b,Sample assessment instrument: Project — folio Unit 4 IA3,Queensland,Health and Physical Education,CC BY 4.0 (https://creativecommons.org/licenses/by/4.0/),"PDF: sample assessment instrument for IA3 Project — folio aligned to Unit 4 energy, fitness and training",Queensland Curriculum and Assessment Authority,2026-09-02,Years 11-12,SRC-0362,,QSUB-0066,https://www.qcaa.qld.edu.au/downloads/senior-qce/hpe/snr_pe_25_unit4_ia3_smple_ass_inst.pdf,2025 v1.2
https://www.qcaa.qld.edu.au/about/governance/legislation,QCAA,statutory curriculum authority,verified,sha256:152eefa0a767fd82942eddc06bcb0e8b366dbd3a3a271444c7b7a64bddb3343b,Quality assurance: Confirmation submission information,Queensland,Health and Physical Education,CC BY 4.0 (https://creativecommons.org/licenses/by/4.0/),PDF: QCAA confirmation submission information for internal assessment quality assurance,Queensland Curriculum and Assessment Authority,2026-09-02,Years 11-12,SRC-0363,,QSUB-0066,https://www.qcaa.qld.edu.au/downloads/senior-qce/common/snr_qa_confirm_submission_info.pdf,2026 (common resource)
https://www.qcaa.qld.edu.au/about/governance/legislation,QCAA,statutory curriculum authority,verified,sha256:5dd6c0a292f4a192cb2717bcd93a7f7b521b9086a883c4a30b8ce11a90cb0eec,Subject report: Endorsement 2026,Queensland,Health and Physical Education,CC BY 4.0 (https://creativecommons.org/licenses/by/4.0/),PDF: subject report for the Physical Education 2026 endorsement event,Queensland Curriculum and Assessment Authority,2026-09-02,Years 11-12,SRC-0364,,QSUB-0066,https://www.qcaa.qld.edu.au/downloads/senior-qce/hpe/snr_pe_26_subj_rpt_endorse.pdf,2026
https://www.qcaa.qld.edu.au/about/governance/legislation,QCAA,statutory curriculum authority,verified,sha256:6e66771890d5acad5525be6e4bb5861601dcd06b7f9ebcaabbbd31fe12540978,Italian General senior syllabus (HTML page),Queensland,Languages,CC BY 4.0 (https://creativecommons.org/licenses/by/4.0/),HTML page / syllabus navigation section,Queensland Curriculum and Assessment Authority,2026-09-02,Years 11-12,SRC-0365,,QSUB-0050,https://www.qcaa.qld.edu.au/senior/senior-subjects/syllabuses/languages/italian,2025 v1.3
https://www.qcaa.qld.edu.au/about/governance/legislation,QCAA,statutory curriculum authority,verified,sha256:5d31b633c3cefdf05d96568de5f6078ba932333f28d48f45500c4d64afa3003f,Italian 2025 v1.3 General senior syllabus PDF,Queensland,Languages,CC BY 4.0 (https://creativecommons.org/licenses/by/4.0/),PDF (443.1 KB),Queensland Curriculum and Assessment Authority,2026-09-02,Years 11-12,SRC-0366,,QSUB-0050,https://www.qcaa.qld.edu.au/downloads/senior-qce/syllabuses/snr_italian_25_syll.pdf,2025 v1.3
https://www.qcaa.qld.edu.au/about/governance/legislation,QCAA,statutory curriculum authority,verified,sha256:6cc55efb95a6592d3258f606c11f7d5e8b2ba330cb774838c2f191d17b8a748c,Language elements: Italian 2025,Queensland,Languages,CC BY 4.0 (https://creativecommons.org/licenses/by/4.0/),PDF (225.0 KB),Queensland Curriculum and Assessment Authority,2026-09-02,Years 11-12,SRC-0367,,QSUB-0050,https://www.qcaa.qld.edu.au/downloads/senior-qce/languages/snr_italian_25_syll_lang_elms.pdf,2025
https://www.qcaa.qld.edu.au/about/governance/legislation,QCAA,statutory curriculum authority,verified,sha256:0c2e969a198d9b62d581a7c9df7838c6077952b294ce8de924bb41711ed7ca7b,Sample assessment instrument: Examination — short response (Unit 3 IA1),Queensland,Languages,CC BY 4.0 (https://creativecommons.org/licenses/by/4.0/),PDF (199.7 KB),Queensland Curriculum and Assessment Authority,2026-09-02,Years 11-12,SRC-0368,,QSUB-0050,https://www.qcaa.qld.edu.au/downloads/senior-qce/languages/snr_italian_25_unit3_ia1_smple_ass_inst.pdf,2025
https://www.qcaa.qld.edu.au/about/governance/legislation,QCAA,statutory curriculum authority,verified,sha256:4f5a307ab499edce191466874ca7b5007a1a344691d249985ce576c4babbc657,Sample assessment instrument: Examination — extended response (Unit 3 IA2),Queensland,Languages,CC BY 4.0 (https://creativecommons.org/licenses/by/4.0/),PDF (172.3 KB),Queensland Curriculum and Assessment Authority,2026-09-02,Years 11-12,SRC-0369,,QSUB-0050,https://www.qcaa.qld.edu.au/downloads/senior-qce/languages/snr_italian_25_unit3_ia2_smple_ass_inst.pdf,2025
https://www.qcaa.qld.edu.au/about/governance/legislation,QCAA,statutory curriculum authority,verified,sha256:3bf32ae205e77703f13e3f45026d5e0217fe1c62ac5b01a36ecd6b7cf121ea47,Music Extension (Composition) General senior syllabus (HTML page),Queensland,The Arts,CC BY 4.0 (https://creativecommons.org/licenses/by/4.0/),"HTML page / main heading 'Music Extension (Composition) General senior syllabus 2026'; document link 'Music Extension — Composition 2026 v1.3 (PDF, 646.8 KB)'; last updated 15 June 2026",Queensland Curriculum and Assessment Authority,2026-09-02,Years 11-12,SRC-0370,,QSUB-0060,https://www.qcaa.qld.edu.au/senior/senior-subjects/syllabuses/the-arts/music-extension-composition,2026 v1.3
https://www.qcaa.qld.edu.au/about/governance/legislation,QCAA,statutory curriculum authority,verified,sha256:131af756d0a8cc3196e29836ef7d8fba457ad63dd6c23efb988d93bf20d8b6ad,Music Extension — Composition 2026 v1.3 General senior syllabus PDF,Queensland,The Arts,CC BY 4.0 (https://creativecommons.org/licenses/by/4.0/),PDF (646.8 KB); cover; 'Music Extension (Composition) General senior syllabus 2026 v1.3'; last updated 15 June 2026,Queensland Curriculum and Assessment Authority,2026-09-02,Years 11-12,SRC-0371,,QSUB-0060,https://www.qcaa.qld.edu.au/downloads/senior-qce/arts/snr_music_ext_comp_26_syll.pdf,2026 v1.3
https://www.qcaa.qld.edu.au/about/governance/legislation,QCAA,statutory curriculum authority,verified,sha256:c3c450cbeff492a13244ce76a399bed5e56c358b4b474fdb11c003952a9e1a35,Music Extension (Performance) General senior syllabus (HTML page),Queensland,The Arts,CC BY 4.0 (https://creativecommons.org/licenses/by/4.0/),"HTML page / main heading 'Music Extension (Performance) General senior syllabus 2026'; document link 'Music Extension — Performance 2026 v1.3 (PDF, 648.0 KB)'; for implementation with students completing their study in 2026 or beyond; last updated 15 June 2026",Queensland Curriculum and Assessment Authority,2026-09-02,Years 11-12,SRC-0372,,QSUB-0062,https://www.qcaa.qld.edu.au/senior/senior-subjects/syllabuses/the-arts/music-extension-performance,2026 v1.3
https://www.qcaa.qld.edu.au/about/governance/legislation,QCAA,statutory curriculum authority,verified,sha256:eb1cc76494c497eb57339265a302e81f86e81a554c2c0d23065b43b058cbb4f2,Music Extension — Performance 2026 v1.3 General senior syllabus PDF,Queensland,The Arts,CC BY 4.0 (https://creativecommons.org/licenses/by/4.0/),PDF (648.0 KB); cover 'Music Extension — Performance 2026 v1.3 General (Extension) senior syllabus'; January 2026; © State of Queensland (QCAA) 2026,Queensland Curriculum and Assessment Authority,2026-09-02,Years 11-12,SRC-0373,,QSUB-0062,https://www.qcaa.qld.edu.au/downloads/senior-qce/syllabuses/snr_music_ext_26_perf_syll.pdf,2026 v1.3
https://www.qcaa.qld.edu.au/about/governance/legislation,QCAA,statutory curriculum authority,verified,sha256:9cd28e580a123c53b1f4984feb370238dc95b994b25e301e5e334793e781804a,Key senior subject changes: For external assessment in 2026,Queensland,The Arts,CC BY 4.0 (https://creativecommons.org/licenses/by/4.0/),PDF (295.1 KB); 'Key senior subject changes / For external assessment in 2026'; July 2026; © State of Queensland (QCAA) 2026; lists external assessment changes by learning area including The Arts,Queensland Curriculum and Assessment Authority,2026-09-02,Years 11-12,SRC-0374,,QSUB-0062,https://www.qcaa.qld.edu.au/downloads/senior-qce/common/snr_ext_key_subj_changes_ea_26.pdf,2026
https://www.qcaa.qld.edu.au/about/governance/legislation,QCAA,statutory curriculum authority,verified,sha256:785481e73989b715493143cf1620761c992bd763348585bdfb19349f35c1d056,Music in Practice Applied senior syllabus 2024,Queensland,The Arts,CC BY 4.0 (https://creativecommons.org/licenses/by/4.0/),PDF (215.8 KB),Queensland Curriculum and Assessment Authority,2026-09-04,Years 11-12,SRC-0375,,QSUB-0063,https://www.qcaa.qld.edu.au/downloads/senior-qce/syllabuses/snr_music_prac_24_app_syll.pdf,2024 v1.2
https://www.qcaa.qld.edu.au/about/governance/legislation,QCAA,statutory curriculum authority,verified,sha256:6fe4d0a801b6357313c1ea54a4799bd06642e2764261efd027cda8c9a8141e20,Sample assessment instrument: Project (Unit 3 IA1),Queensland,The Arts,CC BY 4.0 (https://creativecommons.org/licenses/by/4.0/),PDF (103.8 KB),Queensland Curriculum and Assessment Authority,2026-09-04,Years 11-12,SRC-0376,,QSUB-0063,https://www.qcaa.qld.edu.au/downloads/senior-qce/arts/snr_music_prac_19_app_smple_ass_inst_project.pdf,2019 v1.0
https://www.qcaa.qld.edu.au/about/governance/legislation,QCAA,statutory curriculum authority,verified,sha256:7a110f0edba92bfd6af9fb8c0a2b2b9c0f9bb0f68e4629624bb20a9ed1b7aac3,Sample assessment instrument: Product (Composition) — Making a demo track (Unit 4 IA2),Queensland,The Arts,CC BY 4.0 (https://creativecommons.org/licenses/by/4.0/),PDF (194.7 KB),Queensland Curriculum and Assessment Authority,2026-09-04,Years 11-12,SRC-0377,,QSUB-0063,https://www.qcaa.qld.edu.au/downloads/senior-qce/arts/snr_music_prac_19_app_smple_ass_inst_product.pdf,2019 v1.0
https://www.acara.edu.au/about-us,ACARA,statutory curriculum authority,verified,sha256:9be674b90d04d528e57c296312d94323149bdf9f995b0e89288b7f8c208c91d2,English | V9 Australian Curriculum,Australia,English,Creative Commons Attribution 4.0 International (CC BY 4.0),Learning area > English > Structure,"Australian Curriculum, Assessment and Reporting Authority (ACARA)",2026-08-30,F-10,SRC-0378,,ACARA-ENGLISH,https://www.australiancurriculum.edu.au/curriculum-information/understand-this-learning-area/english,9.0
https://www.acara.edu.au/about-us,ACARA,statutory curriculum authority,verified,sha256:84ffe87e6f1800ac77759825dc9192e0978f4ac919ec3c038c8dceb436e92194,Mathematics | V9 Australian Curriculum,Australia,Mathematics,Creative Commons Attribution 4.0 International (CC BY 4.0),Learning area > Mathematics > Structure,"Australian Curriculum, Assessment and Reporting Authority (ACARA)",2026-08-30,F-10,SRC-0379,,ACARA-MATHEMATICS,https://www.australiancurriculum.edu.au/curriculum-information/understand-this-learning-area/mathematics,9.0
https://www.acara.edu.au/about-us,ACARA,statutory curriculum authority,verified,sha256:a429f28b31352a625bf47d8759416103ea4c4bf16e859ff75d286f751a2e3179,Science | V9 Australian Curriculum,Australia,Science,Creative Commons Attribution 4.0 International (CC BY 4.0),Learning area > Science > Structure,"Australian Curriculum, Assessment and Reporting Authority (ACARA)",2026-08-30,F-10,SRC-0380,,ACARA-SCIENCE,https://www.australiancurriculum.edu.au/curriculum-information/understand-this-learning-area/science,9.0
https://www.acara.edu.au/about-us,ACARA,statutory curriculum authority,verified,sha256:a22401afd2e1706235d7d46838f0cf12604a4f48e1a8b05a453f271f1fc273a0,Health and Physical Education | V9 Australian Curriculum,Australia,Health and Physical Education,Creative Commons Attribution 4.0 International (CC BY 4.0),Learning area > Health and Physical Education > Structure,"Australian Curriculum, Assessment and Reporting Authority (ACARA)",2026-08-30,F-10,SRC-0381,,ACARA-HEALTH-AND-PHYSICAL-EDUCATION,https://www.australiancurriculum.edu.au/curriculum-information/understand-this-learning-area/health-and-physical-education,9.0
https://www.acara.edu.au/about-us,ACARA,statutory curriculum authority,verified,sha256:955acf64c8e8dfe7af065e32a645d21ecdabe4429dc0b8d775b53975ddba7e02,Humanities and Social Sciences | V9 Australian Curriculum,Australia,Humanities and Social Sciences,Creative Commons Attribution 4.0 International (CC BY 4.0),Learning area > Humanities and Social Sciences > Structure,"Australian Curriculum, Assessment and Reporting Authority (ACARA)",2026-08-30,F-10,SRC-0382,,ACARA-HUMANITIES-AND-SOCIAL-SCIENCES,https://www.australiancurriculum.edu.au/curriculum-information/understand-this-learning-area/humanities-and-social-sciences,9.0
https://www.acara.edu.au/about-us,ACARA,statutory curriculum authority,verified,sha256:b02225c3d04381a5fa9d6358c3cb0b0f0deba9044857f20e1f18fbb033e43080,The Arts | V9 Australian Curriculum,Australia,The Arts,Creative Commons Attribution 4.0 International (CC BY 4.0),Learning area > The Arts > Structure,"Australian Curriculum, Assessment and Reporting Authority (ACARA)",2026-08-30,F-10,SRC-0383,,ACARA-THE-ARTS,https://www.australiancurriculum.edu.au/curriculum-information/understand-this-learning-area/the-arts,9.0
https://www.acara.edu.au/about-us,ACARA,statutory curriculum authority,verified,sha256:b0ae8d21badf821b6f55cad785031099c3c1c515256eaa86c57b39d5ad072564,Technologies | V9 Australian Curriculum,Australia,Technologies,Creative Commons Attribution 4.0 International (CC BY 4.0),Learning area > Technologies > Structure,"Australian Curriculum, Assessment and Reporting Authority (ACARA)",2026-08-30,F-10,SRC-0384,,ACARA-TECHNOLOGIES,https://www.australiancurriculum.edu.au/curriculum-information/understand-this-learning-area/technologies,9.0
https://www.acara.edu.au/about-us,ACARA,statutory curriculum authority,verified,sha256:42724e9ad05594891f87987b4a58d8b0e561e2710a6c5491bb47e62cad358645,Languages | V9 Australian Curriculum,Australia,Languages,Creative Commons Attribution 4.0 International (CC BY 4.0),Learning area > Languages > Structure,"Australian Curriculum, Assessment and Reporting Authority (ACARA)",2026-08-30,F-10,SRC-0385,,ACARA-LANGUAGES,https://www.australiancurriculum.edu.au/curriculum-information/understand-this-learning-area/languages,9.0
https://www.acara.edu.au/about-us,ACARA,statutory curriculum authority,verified,sha256:2fe7ac9ff4a58813aa8d5b2797dbc32515906e39d67dae8e478e0d9eb71fac8a,General capabilities | V9 Australian Curriculum,Australia,General capabilities,Creative Commons Attribution 4.0 International (CC BY 4.0),F-10 Curriculum > General capabilities > seven capabilities,"Australian Curriculum, Assessment and Reporting Authority (ACARA)",2026-08-30,F-10,SRC-0386,,ACARA-GENERAL-CAPABILITIES,https://www.australiancurriculum.edu.au/f-10-curriculum/general-capabilities,9.0
https://www.acara.edu.au/about-us,ACARA,statutory curriculum authority,verified,sha256:42f36d94d534ceb344433e885c844a7e7e8017d0cfc1663dcfd9dce10bd7a5cb,Cross-curriculum priorities | V9 Australian Curriculum,Australia,Cross-curriculum priorities,Creative Commons Attribution 4.0 International (CC BY 4.0),F-10 Curriculum > Cross-curriculum priorities > three priorities,"Australian Curriculum, Assessment and Reporting Authority (ACARA)",2026-08-30,F-10,SRC-0387,,ACARA-CROSS-CURRICULUM-PRIORITIES,https://www.australiancurriculum.edu.au/f-10-curriculum/cross-curriculum-priorities,9.0
https://www.acara.edu.au/about-us,ACARA,statutory curriculum authority,verified,sha256:8cce5db455bb4e9f8bf8546039b12a509831b09ff3ac90e0242ce238be4577dd,EAL/D students | V9 Australian Curriculum,Australia,EAL/D students,Creative Commons Attribution 4.0 International (CC BY 4.0),Student diversity > EAL/D students > EAL/D Overview,"Australian Curriculum, Assessment and Reporting Authority (ACARA)",2026-08-30,F-10,SRC-0388,,ACARA-EAL/D-STUDENTS,https://www.australiancurriculum.edu.au/student-diversity/eal-d-students,9.0
https://www.acara.edu.au/about-us,ACARA,statutory curriculum authority,verified,sha256:0d9eac4c8b40000ab8447f84290316deae23123625cc9fa2c67667c0faaa4aad,Students with disability | V9 Australian Curriculum,Australia,Students with disability,Creative Commons Attribution 4.0 International (CC BY 4.0),Student diversity > Meeting the needs of students with disability,"Australian Curriculum, Assessment and Reporting Authority (ACARA)",2026-08-30,F-10,SRC-0389,,ACARA-STUDENTS-WITH-DISABILITY,https://www.australiancurriculum.edu.au/student-diversity/students-with-disability,9.0
https://www.acara.edu.au/about-us,ACARA,statutory curriculum authority,verified,sha256:625ac65625c653ed3d1b58d9c2337620074b4bdade8b9a0fa3fa06c0841d12b3,Machine-readable Australian Curriculum | V9 Australian Curriculum,Australia,Machine-readable Australian Curriculum,Creative Commons Attribution 4.0 International (CC BY 4.0),Machine-readable Australian Curriculum (MRAC) Version 9.0 > Download MRAC files,"Australian Curriculum, Assessment and Reporting Authority (ACARA)",2026-08-30,F-10,SRC-0390,,ACARA-MACHINE-READABLE-AUSTRALIAN-CURRICULUM,https://www.australiancurriculum.edu.au/machine-readable-australian-curriculum,9.0
https://www.acara.edu.au/about-us,ACARA,statutory curriculum authority,verified,sha256:472821e241149e7167fc0e2feba2150ef14cb4d42b15db75c0b09ac23d0b0b3a,Copyright and terms of use | V9 Australian Curriculum,Australia,Curriculum licence,Creative Commons Attribution 4.0 International (CC BY 4.0),Copyright and terms of use > Creative Commons licence,"Australian Curriculum, Assessment and Reporting Authority (ACARA)",2026-08-30,F-10,SRC-0391,,ACARA-CURRICULUM-LICENCE,https://www.australiancurriculum.edu.au/copyright-and-terms-of-use,9.0
